title,url,date,content,author,views,recommend,dislike,comments
아엔 때문에 흉기차 서열 꼬였지 뭐,https://gall.dcinside.com/board/view/?id=car_new1&no=10380728,2025-02-11 21:18:11,"흉기차 고성능 차 브랜드 N 하고흉기차랑 비교 하는 게 무리수긴 하지만아엔 땜에 아반떼가소나타, 그랜저 넘어 섰지 ㅋㅋ아니라고? 응 빽점~~~- dc official App",그돈씨아엔 (89.147),45,0,0,0
아반떼타다 디엣지타니까 신세계임,https://gall.dcinside.com/board/view/?id=car_new1&no=10380721,2025-02-11 21:17:13,준중형과 중형은 다른세계- dc official App,차갤러 (211.235),18,0,0,0
친구새끼 아이오닉5 팔더니아반떼신차 사려고 하네,https://gall.dcinside.com/board/view/?id=car_new1&no=10380642,2025-02-11 20:55:00,이새끼 도대체 자동차의 기준이 머지 시발,아르노 (106.102),49,0,0,0
184cm 100kg인데 캐스퍼 ㄱㄴ?아반떼ㄱㄴ?,https://gall.dcinside.com/board/view/?id=car_new1&no=10380637,2025-02-11 20:53:43,캐스퍼 ㄱㄴ? 아반떼 ㄱㄴ?,차갤러 (49.175),20,0,0,0
내가 인정하는 국산차,https://gall.dcinside.com/board/view/?id=car_new1&no=10380626,2025-02-11 20:52:02,극강의 기성비 아반떼cn76기통신차 K8 그랜저gn7 3.5프리미엄브랜드 GV70 G80 GV80 V6쏘니타 k5 그랜저k8g80gv70 2.5 = 애미씹창년 개좆병신차,hg300 (106.101),35,0,0,0
그랜저타는 할아버지는 다 버로우타라,https://gall.dcinside.com/board/view/?id=car_new1&no=10380611,2025-02-11 20:48:19,신세대는 아반떼다,ㅇㅇ (61.78),28,0,1,0
티볼리 1세대 vs 올뉴모닝 ja 뭐가 나은선택일까,https://gall.dcinside.com/mgallery/board/view/?id=used_car&no=30266,2025-02-11 20:44:43,티볼리는 900 1000모닝은700 800티볼리는 요즘 부품 구하기도 힘들다고 들었는데 그리고  초기형 1세대는 워낙 안좋다는 얘기도 많이 들었고그냥 경정비생각해서 모닝가는게 날까?다른거 후보중엔스토닉 아반떼ad 등등 ㅡ 예산 오버(세금 보험까지 천에 털고싶음)그 이하로가면 엑센트 프라이드인데 내가 원하는 매물을 못차는중 몇개월째.,ㅇㅇ (221.141),8,0,0,0
hg vs아반떼cn7,https://gall.dcinside.com/board/view/?id=car_new1&no=10380595,2025-02-11 20:42:14,승차감 누가 더 좋음?내 3시리즈 12년 되니까 아반떼만도 못한거 같음,ㅇㅇ (122.35),23,0,0,0
아반떼미라지그린 실물,https://gall.dcinside.com/board/view/?id=car_new1&no=10380590,2025-02-11 20:41:10,,차갤러 (124.146),54,1,0,0
곧 차 나온다,https://gall.dcinside.com/board/view/?id=car_new1&no=10380580,2025-02-11 20:39:07,좆스퍼 일렉트릭 풀옵내차는아니고 효도함 해보려고 차 뽑아드린다아무리생각해도 그돈씨 아반떼인데...저게 좋으시다니- dc official App,자이상향필쑤 (106.102),80,1,0,0
아반떼풀옵션이 3300밖에 안한다고?,https://gall.dcinside.com/board/view/?id=car_new1&no=10380578,2025-02-11 20:38:53,사야겠지?- dc official App,차갤러 (115.40),30,0,0,0
투루카 질문,https://gall.dcinside.com/mgallery/board/view/?id=carsharing&no=36282,2025-02-11 20:18:37,운전 개초보인데 그냥 해보자란 마인드로이전에 그린카 캐스퍼로 약 200km가량 운전 했습니다!이번에 투루카 리턴프리로 고속도로를 타볼려고 하는데차량이 다 세단 suv뿐이라 혹여나 적응이 안될까 걱정인데차잘알 중에 캐스퍼만 타다 아반떼나 k5로 넘어가면 체감이 큰지 여쭤보고 싶습니다!탈 차량은 k5 아니면 k3 아반떼 cn7 생각 중입니다(K5에 서라운드가 있어서 조금 편하지 않을까 해서요)추가로 면책 5만+ db 원데이도 넣을 예정입니다조언 댓글 다 달아주시면 감사하겠슴다,카갤러 (118.235),53,0,0,0
현실적으로아반떼=<쏘나타<<<그랜저가 맞다고봄,https://gall.dcinside.com/board/view/?id=car_new1&no=10380486,2025-02-11 20:15:00,"개인적으로 아반떼 cn7 , 메기,디엣지 , 마름저 gn7 다타본 결과아반떼 cn7 기준으로 1~2명타는거면 디엣지랑 별차이도없음다만 그랜저이상급이랑은 차이가 남마름저만해도 cn7보다 좋은게 느껴짐옛날: 경차<<<<<<아반떼<<<<<쏘나타<<<<<그랜저 였다면현재: 경차<<<<<<<<<<<아반뗴=<쏘나타<<<<<그랜저 느낌임cn7 운전안해본새끼들은 아마 중형차 어쩌고 세그먼트 어쩌고할텐데현실은 별차이없다는거임오히려 같은 세그먼트인 쏘나타랑 그랜저차이가 존나남",차갤러 (116.124),54,1,3,0
20대 후반 차 살건데아반떼vs 소나타,https://gall.dcinside.com/board/view/?id=car_new1&no=10380406,2025-02-11 19:53:28,공기업 다녀서 연봉은 영끌 6500 정도 됨.원래 차에 큰 욕심 없고 큰 차 운전도 자신 없어서 아반떼 풀옵 생각했다가 주변 지인이 자꾸 소나타는 가라 해서 고민인데아반떼 가면 진짜 별로임???차알못인데 아반떼도 진짜 좋아보이는데 소나타 연비도 별로고 차 값도 비싸잖아...고민이네,차갤러 (58.29),60,0,0,0
아반떼가 코나보다 옵션빼면 다좋은차지?,https://gall.dcinside.com/board/view/?id=car_new1&no=10380351,2025-02-11 19:39:30,승차감 연비 가성비 등등,ㅇㅇ (223.38),33,0,0,0
아반떼vs캐스퍼vs레이vs티볼리,https://gall.dcinside.com/mgallery/board/view/?id=hanmath&no=8328112,2025-02-11 19:31:39,빨리 골라줘,ㅇㅇ (223.38),18,0,0,0
아반떼N 사고율 그냥아반떼보다 약간 더 높을까?,https://gall.dcinside.com/board/view/?id=car_new1&no=10380257,2025-02-11 19:03:16,- dc official App,차갤러 (118.235),33,0,0,0
소나타 DN8 센슈어스 왤케 이쁘냐,https://gall.dcinside.com/board/view/?id=car_new1&no=10380246,2025-02-11 18:59:42,아반떼ad 탄지 2년 됐는데 저거로 바꾸고싶다;,차갤러 (14.50),65,0,0,0
미국이 투싼 밭이네아반떼가 13만 투싼이20만 싼다페가 11만 대,https://gall.dcinside.com/board/view/?id=car_new1&no=10380229,2025-02-11 18:49:54,그렇치만 일본차와비교해서  손톱때만큼 팔림,ㅇㅇ (61.78),67,2,0,0
테슬라로아반떼신차값 손실중,https://gall.dcinside.com/mgallery/board/view/?id=stockus&no=9731476,2025-02-11 18:36:29,기도할테니 제발 살려다오- dc official App,ㅇㅇ (118.235),82,0,0,0
아반떼풀옵션이 3300밖에 안한다고?,https://gall.dcinside.com/board/view/?id=car_new1&no=10380185,2025-02-11 18:29:01,어 형이야.- dc official App,차갤러 (211.235),53,0,0,0
솔직히아반떼N 차는 괜찮은거 같음,https://gall.dcinside.com/mgallery/board/view/?id=stockus&no=9731109,2025-02-11 18:01:33,걍 이미지가 좆박아서 그렇지차량 자체 성능이나 컨셉 구현도는 ㅅㅌㅊ 차량은 맞는듯현대가 N시리즈 신경 존나 쓰고 있다는게 느껴짐,ㅇㅇ (175.208),46,0,0,0
중고차 살건데 조언좀,https://gall.dcinside.com/mgallery/board/view/?id=used_car&no=30256,2025-02-11 17:51:30,이번에 중고차 살건데 아반떼 cn7 1.6가솔린 인스 생각중인데 첫차라서 멀체크해야 될지 잘 모르겠어서 ㅠㅠ예산은 이전비포함 2000~2300 생각중 부탁해형들,중갤러 (61.85),63,0,0,0
아반떼N 타본사람 있냐,https://gall.dcinside.com/board/view/?id=yunha&no=6558301,2025-02-11 17:38:41,후기좀,휴식은레스트 (222.109),61,0,0,0
아반떼신차 개비싸잖아,https://gall.dcinside.com/board/view/?id=yunha&no=6558296,2025-02-11 17:33:37,부자냐,티렉스버거 (222.109),38,0,0,0
아반떼풀옵뽑을돈 모았는데 ㄱ?,https://gall.dcinside.com/board/view/?id=bitcoins_new1&no=7939173,2025-02-11 17:31:54,걍 그랜져 중고나 살까?- dc official App,후토모모 (117.111),236,0,0,0
K3도 사라졌는데아반떼대항마 누구냐,https://gall.dcinside.com/board/view/?id=yunha&no=6558295,2025-02-11 17:31:09,전기차는 상종 안 함,TaikFive (222.109),51,0,0,0
"아이3명=팰리세이드, 아이1~2명=그랜저,싼타페, 미혼=아반떼,쏘나타",https://gall.dcinside.com/board/view/?id=car_new1&no=10380042,2025-02-11 17:24:08,투싼은 왜 사는지 모르겠음,차갤러 (223.62),49,0,0,0
요새아반떼가아반떼냐,https://gall.dcinside.com/board/view/?id=yunha&no=6558281,2025-02-11 17:15:36,길들이기 끝난 미국브랜드 차랑 바꾸자​(스파크),TaikFive (222.109),65,0,0,0
잘나가봐야아반떼새삥,https://gall.dcinside.com/board/view/?id=yunha&no=6558277,2025-02-11 17:11:05,계약 완 ㅋㅋㅋ드디어 뚜벅초 탈출이네,띠어리 (222.109),61,0,0,0
아반떼풀옵션이 3300밖에 안한다고?,https://gall.dcinside.com/board/view/?id=car_new1&no=10380005,2025-02-11 17:07:59,사야겠지?- dc official App,차갤러 (211.235),73,0,0,0
배찌야아반떼뽑은 거 축하한다,https://gall.dcinside.com/board/view/?id=car_new1&no=10379999,2025-02-11 17:05:16,?,ㅇㅇ (116.121),75,2,0,0
테슬람인데 전기차랑 테슬라는 좀 다름,https://gall.dcinside.com/mgallery/board/view/?id=stockus&no=9730570,2025-02-11 16:54:09,"2024 모델y 타는데테슬람들이 흉기 전기차랑은 다르다는 이유가 뭔지 알겠음슈퍼차저 가격도 내렸고 차 살때 딴 사람이 내 코드 쓰면 33만원치 적립해주는거 충전비로 쓸 수 있는데 거의 6개월은 쓰는거같고... 승차감 ㅈㄴ 아반떼 삘인거만 감안하면 어느정도 돈값은 한다고 할 수 있음 (깡통 4800 선수금+무이자 할부로 삼)근데 테슬라여도 독 3사 높은 라인 살수 있으면 살 이유가 없는건 맞음 왜냐면 전기차는 결국 장점이 유지비 절약이기 때문임.가끔 독 3사보다 테슬라라는 진성 테슬람이 있는데일단 차 내장재에 고급스러움이 전무해서 여자들 눈에 좋은차라기 보다는 신기한차라는 인식이 있고 승차감은 도대체 어디 팔아먹었는지 아는데 무시하는건지 모르겠음독3사 전기차는 어떠냐 하는데 나는 포지션이 애매해서 잘 안팔리는거라 생각함. 독3사 차값이 얼만데 그냥 기름넣고 말지 벤츠 eqc같은거 보면 충전주기가 너무 빨리돌아옴;;; 타이칸은 빼고승차감이 뭐가안좋냐 2열 승차감이 안좋음나 술먹어서 엄마가 운전한적 있었는데 진지하게 택시 아이오닉 5,6보다 시트 인심 짧은거때메 너무너무 불편함성인남자가 안불편하려면 175 미만에 숏다리여야 함컴포트 타이어를 꼈을때 쇼바 느낌이 택시 타이어 낀 아이오닉 정도라 생각함. 물론 이전년식이 더 안좋아서 내차 1열 정도면 좋다 생각함물론 본인 성격이 월지출에 민감해서기름값때메 차를 안탈때가 있는정도면 강력추천함.그러나 같은 사이즈 흉기가 할인때려서 천만원 정도 싸면 그냥 아이오닉 ev6 사셈...",ㅇㅇ (140.248),48,0,0,0
아반떼셀토스는 혼자타기에도 너무 작지않냐?,https://gall.dcinside.com/board/view/?id=car_new1&no=10379912,2025-02-11 16:32:51,차가 너무 ㅈ만하던데이걸 패밀리카로 쓰는 ㅂㅅ들도 있네,ㅇㅇ (106.101),33,0,2,0
전기차 쇼크도 그나마 일찍 터져서 다행이지,https://gall.dcinside.com/mgallery/board/view/?id=kospi&no=4426732,2025-02-11 16:28:54,아반떼ev는 생각만 해도 끔찍하다,ㅇㅇ (118.235),39,0,0,0
첫차아반떼vs 스포티지,https://gall.dcinside.com/board/view/?id=car_new1&no=10379903,2025-02-11 16:27:54,예산은 둘다 살돈 있다고 치면 20대 첫차 뭐가 나음?? 둘다 20년식일텐데- dc official App,차갤러 (182.222),77,0,0,0
울프그레이 한번을 못보네,https://gall.dcinside.com/board/view/?id=car_new1&no=10379896,2025-02-11 16:25:39,k5랑 스포티지랑 시멘트 왜이리 안 보이노아반떼만 엄청 보이네- dc official App,알도링 (211.205),42,0,0,0
내일 해뼈먹고 천만원에 팔고아반떼사야지 ㅋㅋㅋㅋ,https://gall.dcinside.com/mgallery/board/view/?id=wcserver&no=990883,2025-02-11 15:29:25,ㅋㅋㅋㅋ 개꿀,바갤러 (175.223),264,0,0,0
렌트카 승계 후 매입,https://gall.dcinside.com/mgallery/board/view/?id=used_car&no=30238,2025-02-11 15:11:56,아반떼 CN7 6만5000정도 탄 장기렌트카 이용중인데 계약 8개월 남았지만 테슬라 프로모션 때메 어쩔수 없이 차를 미리 사게 됨.남은 월이용료 땅바닥에 버릴뻔 했다가 친구가 안그래도 CN7 중고로 알아보고 있다고 그래서 승계 후 매입하는 방향으로 계산좀 해봤음현대캐피탈이랑 상담 해보니까 남은 월 이용료 + 매입 시 발생하는 금액 + 취등록세 금액이 나오는데 이렇게 해도 중고 CN7 비슷한 키로수 사는거보다 훨씬 싸더라고?혹시 이렇게 했을 때 발생하는 문제라도 있음? 뭔가 놓치고 있는게 있나 싶어서물론 차는 ㅈㄴ 깨끗하게 탔음 집에 주차중이었는데 누가 갖다 박아서 문 한쪽 교체한거랑 언더커버 씹창난거 빼곤 사고 X 언더커버는 갈아줘야지,중갤러 (222.103),42,0,0,0
"아이3명 = 팰리세이드, 아이2명 = 그랜저, 싼타페",https://gall.dcinside.com/board/view/?id=car_new1&no=10379678,2025-02-11 14:51:47,"미혼 = 쏘나타, 아반떼",차갤러 (223.62),59,0,0,0
아반떼신차기준 수리비 4~500 나오면,https://gall.dcinside.com/board/view/?id=car_new1&no=10379673,2025-02-11 14:50:21,감가는 어느정도 처맞음?,ㅁㄹ (59.8),34,0,0,0
사람들 보통 다른사람차에 관심많음편임?,https://gall.dcinside.com/board/view/?id=car_new1&no=10379641,2025-02-11 14:39:46,본인 31인데 20대까지 아반떼md 500주고 사와서 계속타다가 썩차소리도 너무많이 듣고 뒤털림? 겪을때가 먾아서 2년전쯤 메기타 점육사서 타고다니는중인데이거 타고다니면서 친구들이나 회사다니다보면 가끔식 그거살바에 뭐산다 이런얘기를 너무많이 듣거든 왜그거삿냐 이런소리나도 외제좋고 그런거 아는데 카푸어소리듣기싫어서 비싼돈주고도 쏘나타 산거거든 중고는 싫고해서 보통 나같지않음?,차갤러 (118.235),41,0,0,0
차종 코드,https://gall.dcinside.com/mgallery/board/view/?id=hyunchoc&no=45978,2025-02-11 14:35:19,아반떼 CN7쏘나타 DN8그랜저 GN7아이오닉6 CE베뉴 QX코나 SX2투싼 NX4싼타페 MX5펠리세이드 LX3넥쏘 FE아이오닉5 NE아이오닉9 MEG70 IKG80 RG3G90 RS4GV60 JWGV70 JKGV80 JXGV80 쿠페 JX1포터 HR스타리아 US4ST1 A01,모과생강 (222.119),378,7,0,0
차보다가공부하다가,https://gall.dcinside.com/mgallery/board/view/?id=entp&no=843455,2025-02-11 14:35:01,미니컨트리맨존나예뻐서감탄하다가그래도세단사라고하겟지싶어서그랜저보다가케팔떠서보니까이씨발존나예쁘노하다가나같은병신은아반떼아닌가?하고보다가과학5호기도괜찬노하다가근데이거아빠가뺏어타려고그랜저부른거아녓나?하며그랜저로회귀함,옆구멍아메바 (175.193),65,0,0,0
난 rp5때문에 오딘2 샀었음,https://gall.dcinside.com/mgallery/board/view/?id=retrogame&no=31896,2025-02-11 14:31:57,난 처음엔 딱 rp4p까지만 생각하고 있었고오딘은 rp4p에서 최소 두배는 줘야 해서 갈 생각도 안했었음근데 rp5가 rp4p의 단점을 대부분 개선한 완전판 느낌으로 나왔고예상 가격이 rp4p와 오딘2 가운데에 자리잡음그러다 보니까 오딘2 베이스가 세일때 36만원대에 나오면서20만 중후반 주고 rp5살바엔 차라리 오딘으로 가자는 생각이 들었고오딘으로 급커브 틀게 됨자동차 구입할 때도 그돈씨라고는 해도아반떼랑 외제차만 있으면 아반떼에서 외제차로는한번에 안 올라가듯이rp4p에서 오딘으로는 넘어갈 생각도 안했는데중간에 소나타 그랜저 있듯이 중간에 rp5가 생기니까그돈씨 하면서 오딘2로 올라가게 되더라,ㅇㅇ (114.201),120,1,0,0
도대체 직영새끼들 왜 코드네임으로 부르는거임?,https://gall.dcinside.com/mgallery/board/view/?id=hyunchoc&no=45967,2025-02-11 14:10:25,그냥 아반떼 베뉴 코나라고하면되지일알려줄때 CN7은 플러그가 어쩌고~ Qx는 볼트위치가 어쩌고 SX2는~~~~ 이지랄 ㅋㅋㅋ,촉촉이 (211.235),280,0,0,0
쏘나타디엣지는 아우디급 웰컴라이트,https://gall.dcinside.com/board/view/?id=car_new1&no=10379534,2025-02-11 13:45:19,연비는 아반떼급힘은 그랜저급그랜저와 동일 플랫폼수출용실내공간은 5실 e클급디자인은 우르스급사실상 쏘나타는 생태계교란종,차갤러 (223.62),159,3,2,0
쏘나타디엣지가 사기인 이유.txt,https://gall.dcinside.com/board/view/?id=car_new1&no=10379517,2025-02-11 13:38:20,연비는 아반떼급힘은 그랜저급그랜저와 동일 플랫폼실내공간은 5실 e클급디자인은 우르스급,차갤러 (223.62),132,3,1,0
내년아반떼풀체 비싸지면,https://gall.dcinside.com/board/view/?id=car_new1&no=10379515,2025-02-11 13:37:15,중국 전기차 사야겠다,ㅇㅇ (211.234),44,0,0,0
아엔>디엣지 ㅋㅋ,https://gall.dcinside.com/board/view/?id=car_new1&no=10379494,2025-02-11 13:30:18,718>M340i>아반떼N>코나N>디엣지- dc official App,차갤러 (222.120),60,0,0,0
쏘나타디엣지가 좋은 이유,https://gall.dcinside.com/board/view/?id=car_new1&no=10379480,2025-02-11 13:26:49,연비는 아반떼급힘은 그랜저급그랜저와 동일 플랫폼수출용실내공간은 5실 e클급디자인은 우르스급,차갤러 (223.62),65,0,1,0
차갤 우주명차목록,https://gall.dcinside.com/board/view/?id=car_new1&no=10379464,2025-02-11 13:23:43,HG300디엣지AD아반떼스포츠,초텐쨩! (118.235),59,0,1,0
"디엣지 = 공간 그랜저급, 연비아반떼급",https://gall.dcinside.com/board/view/?id=car_new1&no=10379455,2025-02-11 13:21:35,외관 우르스급,차갤러 (39.123),55,0,0,0
면허 1트에 따도 의미가 없다,https://gall.dcinside.com/mgallery/board/view/?id=digitalpicture&no=1432830,2025-02-11 13:15:13,아반떼 중고값 카메라에 들이 박아서 차살돈이 없어짐...- dc official App,Presto (14.7),172,0,0,0
근데 디엣지 디자인 예쁘긴해,https://gall.dcinside.com/board/view/?id=car_new1&no=10379414,2025-02-11 13:07:46,아반떼 타고있는데예쁘긴함 ㅇㅇ,차갤러 (211.230),83,1,0,0
시대별 고장 잘 나는 차 모음,https://gall.dcinside.com/board/view/?id=car_new1&no=10379368,2025-02-11 12:54:14,SM5 1세대아반떼HDLF쏘나타- dc official App,차갤러 (118.235),67,0,0,0
g80 > 디엣지 1.6 > 530I >아반떼> 520I,https://gall.dcinside.com/board/view/?id=car_new1&no=10379341,2025-02-11 12:45:31,참고로 본인 현대차 13년차다나보다 차못알면 반박시 차알못,차갤러 (39.123),61,1,0,0
쏘나타 올려치는 좆그지새끼 특징,https://gall.dcinside.com/board/view/?id=car_new1&no=10379339,2025-02-11 12:45:04,"그랜저하고 비교할땐유지비가 싸고 가속력이 좋고 주차가 편하고 플랫폼이 어떻고 궁시렁궁시렁 이래서 쏘나타가 더좋다 자위하고아반떼하고 비교할땐ㅈ반떼 장점 다 깡그리 씹고선""급 자체가 다른데 비교가 되냐 소나타 압승""​ㅋㅋ​ㅇㅈㄹ하는 새끼들이 5실ㅋㅋㅋ개웃김ㅋ",ㅇㅇ (39.7),94,3,0,0
아반떼ㅡ 소나타 ㅡ 그랜저 순으로 외부 디자인 좋음,https://gall.dcinside.com/board/view/?id=car_new1&no=10379318,2025-02-11 12:38:57,신형 기준임반박불가현대차는 아반떼 디자인이 제일 조음제네시스는 따로 빼야지,ㅇㅇ (211.234),49,0,0,0
박시내 핸펀 백퍼있었을거임,https://gall.dcinside.com/board/view/?id=sbsdocu&no=994380,2025-02-11 12:36:39,2000년도 전후 애니콜 보편화되있었음.진짜 핸펀이 없었다면 삐삐라도 있었을거임.백퍼라고 확신하는이유는렌트카를 빌린부분에서임.그당시에는 렌트카빌리려면 렌트카업체에직접 방문해서 계약서 써야했음.면허증. 폰번호 다 필요했음.구라로는 안됨.그리고 23세여자면 운전경력이 길어봐야3년이라서초보운전에 가깝기때문에 빌리기 ㅈㄴ까다로웠음.그리고 그당시 차렌트는 선불였음.미리 언제부터 언제몇시까지 사용한다 저고 돈내야됨.요즘 쏘카 이런거처럼 저렴하지않음.당시 빌린차가 마르샤인가 쏘2임.23세면 좀 싼 아반떼같은소형을 빌릴만도한데준중형을 빌린것도 씀씀이가 드러나는 부분임.결론은당시 분명히 핸펀이나 삐삐가 있었을건데이부분 수사가 부실했다생각함.이사건은 미스테리인것이 아니라부실수사로 인한 미스테리화된 사건이라 봄.,그갤러 (223.39),206,3,1,0
후방센서 없는 엄마 마티즈 2년 몰다가...,https://gall.dcinside.com/mgallery/board/view/?id=prospect&no=4406736,2025-02-11 12:31:40,아빠 찬스 써서 아반떼 ad 장만했는데후방 카메라랑 센서맛을 보니 신세계였던 ㅋㅋ때마침 아빠신 팰리세이드 새로 뽑으셨는데와 무슨 차가 아니라 컴퓨터 타고 가는 기분이던- dc official App,ㅇㅇ (175.215),99,0,0,0
아반떼ad 1.6,https://gall.dcinside.com/mgallery/board/view/?id=used_car&no=30227,2025-02-11 12:28:01,연비어떻냐 공인13이라는데 ㄱㅊ음?ad는 2열폴딩없냐? 있는 옵션도있냐? 씨보레 타다와서 2열폴딩은 있음좋겠어밟으면 나름 ㄱㅊ게 잘나가냐??,ㅇㅇ (121.185),39,0,0,0
아반떼풀옵션이 3300밖에 안한다고?,https://gall.dcinside.com/board/view/?id=car_new1&no=10379279,2025-02-11 12:25:09,사야겠지?- dc official App,차갤러 (211.235),61,0,0,0
"포모 신차 현대 i20N,아반떼N 사진",https://gall.dcinside.com/mgallery/board/view/?id=forzahorizon&no=165682,2025-02-11 12:20:02,포르자 모터스포츠 신차 상점 추가된 i20 N커스텀에 maxton 스플리터 세트 포함엔진룸정말 개 뜬금없는 우핸들 사양스캔한 차량이 우핸들이었나봄노말 엘란트라 N상점 추가는 아직 한참 남은 3월 6일 오전 9시부터현재 자유주행에서 테스트 드라이브만 가능엘란트라N TCR도 추가되어 벨엔tcr과 함께 투어링 추천 멀티에서 이용 가능i30N은 13일 오전9시부터 상점 이용 가능아이오닉 5N은 오픈 클래스 투어 보상,458 (211.198),280,7,0,0
달에 유흥100이면 괜찮음?,https://gall.dcinside.com/board/view/?id=employment&no=2055064,2025-02-11 12:12:04,"29모쏠 여자랑 대화,손잡은적없음 앞으로 여자랑못만날텐데한달에 유흥100이면 ㄱㅊ?29에남자 97년생 모은돈5800만원 차는아반떼타고다님달에 적으면350 많으면420범유흥은 주에1번 한주는오피 한주는스웨 이런식으로감",취갤러 (125.186),147,0,1,0
밤비는 운전 면허 있으면 군용차 타야될듯 ㅋㅋ,https://gall.dcinside.com/mgallery/board/view/?id=bleach&no=503860,2025-02-11 12:11:58,밤비는 일본과학차 프리우스 하고 한국 과학차 k시리즈 아반데 그렌저 제네시스 하면 유류파산함 ㅋㅋㅋ- dc official App,염분덩어리김치극혐 (116.47),64,0,0,0
달에 유흥100이면 괜찮음?,https://gall.dcinside.com/board/view/?id=bluecollar&no=354148,2025-02-11 12:11:57,"29모쏠 여자랑 대화,손잡은적없음 앞으로 여자랑못만날텐데한달에 유흥100이면 ㄱㅊ?29에남자 97년생 모은돈5800만원 차는아반떼타고다님달에 적으면350 많으면420범유흥은 주에1번 한주는오피 한주는스웨 이런식으로감",생갤러 (125.186),106,0,1,0
달에 유흥100이면 괜찮음?,https://gall.dcinside.com/board/view/?id=army&no=1820558,2025-02-11 12:11:50,"29모쏠 여자랑 대화,손잡은적없음 앞으로 여자랑못만날텐데한달에 유흥100이면 ㄱㅊ?29에남자 97년생 모은돈5800만원 차는아반떼타고다님달에 적으면350 많으면420범유흥은 주에1번 한주는오피 한주는스웨 이런식으로감",육갤러 (125.186),173,0,0,0
달에 유흥100이면 괜찮음?,https://gall.dcinside.com/board/view/?id=jungsopd&no=1201651,2025-02-11 12:11:43,"29모쏠 여자랑 대화,손잡은적없음 앞으로 여자랑못만날텐데한달에 유흥100이면 ㄱㅊ?29에남자 97년생 모은돈5800만원 차는아반떼타고다님달에 적으면350 많으면420범유흥은 주에1번 한주는오피 한주는스웨 이런식으로감",중갤러 (125.186),101,3,0,0
달에 유흥100이면 괜찮음?,https://gall.dcinside.com/board/view/?id=neostock&no=6134719,2025-02-11 12:11:36,"29모쏠 여자랑 대화,손잡은적없음 앞으로 여자랑못만날텐데한달에 유흥100이면 ㄱㅊ?29에남자 97년생 모은돈5800만원 차는아반떼타고다님달에 적으면350 많으면420범유흥은 주에1번 한주는오피 한주는스웨 이런식으로감",주갤러 (125.186),43,0,0,0
달에 유흥100이면 괜찮음?,https://gall.dcinside.com/board/view/?id=car_new1&no=10379248,2025-02-11 12:11:29,"29모쏠 여자랑 대화,손잡은적없음 앞으로 여자랑못만날텐데한달에 유흥100이면 ㄱㅊ?29에남자 97년생 모은돈5800만원 차는아반떼타고다님달에 적으면350 많으면420범유흥은 주에1번 한주는오피 한주는스웨 이런식으로감",차갤러 (125.186),67,0,0,0
달에 유흥100이면 괜찮음?,https://gall.dcinside.com/board/view/?id=lotto_new2&no=5318931,2025-02-11 12:11:13,"29모쏠 여자랑 대화,손잡은적없음 앞으로 여자랑못만날텐데한달에 유흥100이면 ㄱㅊ?29에남자 97년생 모은돈5800만원 차는아반떼타고다님달에 적으면350 많으면420범유흥은 주에1번 한주는오피 한주는스웨 이런식으로감",토갤러 (125.186),45,0,0,0
달에 유흥100이면 괜찮음?,https://gall.dcinside.com/board/view/?id=bitcoins_new1&no=7937147,2025-02-11 12:11:05,"29모쏠 여자랑 대화,손잡은적없음 앞으로 여자랑못만날텐데한달에 유흥100이면 ㄱㅊ?29에남자 97년생 모은돈5800만원 차는아반떼타고다님달에 적으면350 많으면420범유흥은 주에1번 한주는오피 한주는스웨 이런식으로감",비갤러 (125.186),155,0,1,0
달에 유흥100이면 괜찮음?,https://gall.dcinside.com/board/view/?id=maplestory_new&no=9397830,2025-02-11 12:10:57,"29모쏠 여자랑 대화,손잡은적없음 앞으로 여자랑못만날텐데한달에 유흥100이면 ㄱㅊ?29에남자 97년생 모은돈5800만원 차는아반떼타고다님달에 적으면350 많으면420범유흥은 주에1번 한주는오피 한주는스웨 이런식으로감",메갤러 (125.186),58,0,0,0
달에 유흥100이면 괜찮음?,https://gall.dcinside.com/board/view/?id=football_new9&no=2976195,2025-02-11 12:10:48,"29모쏠 여자랑 대화,손잡은적없음 앞으로 여자랑못만날텐데한달에 유흥100이면 ㄱㅊ?29에남자 97년생 모은돈5800만원 차는아반떼타고다님달에 적으면350 많으면420범유흥은 주에1번 한주는오피 한주는스웨 이런식으로감",해갤러 (125.186),39,0,0,0
달에 유흥100이면 괜찮음?,https://gall.dcinside.com/board/view/?id=loan_new1&no=11983837,2025-02-11 12:10:38,"29모쏠 여자랑 대화,손잡은적없음 앞으로 여자랑못만날텐데한달에 유흥100이면 ㄱㅊ?29에남자 97년생 모은돈5800만원 차는아반떼타고다님달에 적으면350 많으면420범유흥은 주에1번 한주는오피 한주는스웨 이런식으로감",대갤러 (125.186),17,0,0,0
달에 유흥100이면 괜찮음?,https://gall.dcinside.com/board/view/?id=leagueoflegends6&no=6026622,2025-02-11 12:10:24,"29모쏠 여자랑 대화,손잡은적없음 앞으로 여자랑못만날텐데한달에 유흥100이면 ㄱㅊ?29에남자 97년생 모은돈5800만원 차는아반떼타고다님달에 적으면350 많으면420범유흥은 주에1번 한주는오피 한주는스웨 이런식으로감",롤갤러 (125.186),38,0,0,0
달에 유흥100이면 괜찮음?,https://gall.dcinside.com/board/view/?id=sa&no=696991,2025-02-11 12:10:14,"29모쏠 여자랑 대화,손잡은적없음 앞으로 여자랑못만날텐데한달에 유흥100이면 ㄱㅊ?29에남자 97년생 모은돈5800만원 차는아반떼타고다님달에 적으면350 많으면420범유흥은 주에1번 한주는오피 한주는스웨 이런식으로감",서갤러 (125.186),139,1,1,0
아반떼1700이면 어느정돈가요?,https://gall.dcinside.com/mgallery/board/view/?id=used_car&no=30225,2025-02-11 12:02:27,1.6 가솔린이구요4만키로에 주인 한번도 안바뀐 1인신조21년식중간트림 모던트림에 현대스마트센스 + 인포태인먼트 네비추가되었습니다.외부패널 및 프레임 교환 판금 0건이고 무사고 입니다.근데 왜 무사고라고 나와있는지는 모르겠는데 (케이카)내차 피해 60만원이 있습니다.내역을 자세히보니라디에이터그릴(교환)/라디그릴상부커버(탈착)/스티프너(탈착) / 프런트범퍼(도장) / 프런트범퍼커버(교환)그리고 3만정도 타다가 파워스티어링기어 관련부품 교체이력있습니다. 어떤가요?,ㅇㅇ (122.42),96,0,0,0
아반떼n라인 승차감 어떰?,https://gall.dcinside.com/board/view/?id=car_new1&no=10379229,2025-02-11 12:00:46,N라인은 멀티링크드가던데 엣날 hd랑 비슷함?- dc official App,차갤러 (39.121),30,0,0,0
아반떼쥐색이 이런 느낌이냐?,https://gall.dcinside.com/mgallery/board/view/?id=galaxy&no=1781645,2025-02-11 11:48:34,블블 색이 이렇다고?,갤붕이 (121.157),212,0,0,0
블블단 고해성사 한다.,https://gall.dcinside.com/mgallery/board/view/?id=galaxy&no=1781637,2025-02-11 11:45:58,블루 블랙이 아니라 그냥 쥐색이다처음에는 조금 이뻐 보엿는데보면 볼수록 쥐색 아반데 보는것 같다이제 살사람 다 삿고 환불 못하니 고해성사 한다...,갤붕이 (125.140),175,0,0,0
아반떼cn7 10만이상 탈수있냐??,https://gall.dcinside.com/board/view/?id=car_new1&no=10379098,2025-02-11 11:10:40,ㅇㄴㅇ- dc official App,차갤러 (211.234),66,0,0,0
아반떼N은 무조건 수동만 타야하는차임?,https://gall.dcinside.com/board/view/?id=car_new1&no=10379093,2025-02-11 11:08:39,오토미션있는건 아는데차 성능때문에라도 수동 타야하는 차임?,黄前久美子 (221.143),71,0,0,0
카푸어 없는 차 찾는게 더 힘들겠다,https://gall.dcinside.com/board/view/?id=car_new1&no=10379088,2025-02-11 11:05:51,아반떼도 빚내서 사는데 뭘...,휠작은찐따 (175.203),77,0,0,0
아반떼N 풍차돌릴려면 뭐타야됩니까,https://gall.dcinside.com/board/view/?id=car_new1&no=10379064,2025-02-11 10:55:57,아엔한테 조롱당하고 울화가 치미는데요저는 지금 프레지오 봉고차 타고있습니다아엔 따고싶습니다뭘타면 아엔 빽점가능합니가 알려주십쇼,ㅇㅇ (175.203),77,0,0,0
걍 교사 커트라인을 최소 서울대에 연봉 의사급으로 주는 게 맞음,https://gall.dcinside.com/board/view/?id=baseball_ab2&no=9725953,2025-02-11 10:51:53,어차피 인구절벽이라 예전처럼 교사들 뗴거지로 뽑을 필요도 없고 철밥통 지켜줄 필요도 없는데걍 엘리트직군으로 만들어버려야지하나 컨트롤 못해서 꼴랑 사범대 나오고 아반떼 모는 새끼들이 뭔 애들을 관리하고 육성한다고,ㅇㅇ (220.117),77,0,0,0
쏘나타도 카푸어임,https://gall.dcinside.com/board/view/?id=car_new1&no=10378865,2025-02-11 10:08:09,솔직히 대한민국에선 아반떼 이상은 그냥 돈지랄임,ㅇㅇ (118.235),30,0,0,0
아반떼k3도 카푸어인음?,https://gall.dcinside.com/board/view/?id=car_new1&no=10378832,2025-02-11 10:00:20,ㅈㄱㄴ,차갤러 (1.238),27,0,0,0
지카 대차만 2번 받네,https://gall.dcinside.com/mgallery/board/view/?id=carsharing&no=36241,2025-02-11 09:33:18,전기차 예약했다가 사고수리로 아반떼로 대차하고 오늘 타는 날인데 아침에 아반떼도 문제 있다고 문자와서 결국엔 캐스퍼로 타게 됨...,카갤러 (122.42),116,0,0,0
아반떼이빵텁 사고싶다 어캄?,https://gall.dcinside.com/board/view/?id=car_new1&no=10378742,2025-02-11 09:19:02,저에게ㅜ용기를 주소서- dc official App,일하기어렵다 (175.203),48,0,0,0
스팅어에 로드 넣기 가능임?,https://gall.dcinside.com/mgallery/board/view/?id=cycle&no=868799,2025-02-11 08:26:52,다라이 540인가 560공이엇는데뒷자리 들어갈라나...?첫차로 아반떼 생각하고잇엇는데 개꼴리네 갑자기,Foil_109 (223.39),171,0,1,0
언덕애서 내려오는아반떼보는데,https://gall.dcinside.com/board/view/?id=car_new1&no=10378621,2025-02-11 08:06:17,개빻았네 아반떼 특정각도에서 개빻음 납짝해서 무슨 벌레같은 느낌임,ㅇㅇ (118.235),67,1,1,0
그래도 현실은 320i >아반떼N 맞음?,https://gall.dcinside.com/board/view/?id=car_new1&no=10378602,2025-02-11 07:49:36,ㅈㄱㄴ,차갤러 (58.180),88,0,0,0
고랩들 직업밸런스는 지금 비교하는것이 의미가 없는게,https://gall.dcinside.com/mini/board/view/?id=kow_clean&no=16038,2025-02-11 07:26:41,"만랩이 수백명 쌓였는데810제 보스 인드라840대 사냥터 데칸치면서 영혼력 보너스, 레벨차 보너스 받아가면서 나오는 딜로 직업간 밸런스 비교하는건 진짜 의미가 없음. 이건 속도제한 백키로에서 아반떼가 부가티랑 같이 백키로 나오니 성능 동급이다 이런 수준임. 신사냥터나오고 맥뎀 영향 안받아야 제대로 된 비교가 가능할듯. 직업들 딜계수의 민낯이 드러날거임. 그리고 신사냥터도 방어 허벌이라 방관방무보단 뎀뻥스킬이 매우 중요함. 도사랑 같이가면 체감 엄청날듯.",불난사 (218.37),723,6,0,0
아반떼스마트 트림 그렇게 별로임?,https://gall.dcinside.com/board/view/?id=car_new1&no=10378487,2025-02-11 04:54:06,스마트 트림 옵션 다 넣어서 차값 2200 언저리로 뽑고 싶은데핸따 엉따 통풍 없는게 그렇게 별로임???첫 차임,차갤러 (125.184),117,0,0,0
아반떼자흡을 2600이나 주고 사다니,https://gall.dcinside.com/board/view/?id=car_new1&no=10378476,2025-02-11 04:37:23,"난 기존 디젤차 폐차할인받고아반떼 1.6터보를 1900에 삿느데 ,자흡을 2600이나 태우다니너무비싸다",운동 맛있게 투운 (1.213),158,0,0,0
김웅서는아반떼가 쪽팔려가 죽었는데,https://gall.dcinside.com/mgallery/board/view/?id=bodybuilding&no=2782091,2025-02-11 03:33:21,나는 아반떼n이라도 사고싶다씨발 차 나주고 가지,ㅇㅇ (106.102),463,0,0,0
야순이아반떼ㅜ샀음,https://gall.dcinside.com/board/view/?id=baseball_new11&no=16998249,2025-02-11 01:56:34,,ㅇㅇ (1.246),440,11,0,0
지금아반떼cn7 사면 좀 아니야?,https://gall.dcinside.com/board/view/?id=car_new1&no=10378296,2025-02-11 01:11:24,"소득은 세후로 4300후반? 아무튼 그래. 모아둔 돈은  1000정도고이번 여름에 차 사려고 하는데 지금 아반떼 모델 사지 말고 기다렸다가 내년에 사는게 나아?소득 수준이나 지금 재산수준 꼬라지에선 아반떼가 최선 같네.근데 아반떼가 연말에 신형 모델 나온다길래.. 이거 기다렸다가 사는게 맞을지 6월에 출고 하는게 맞는지 고민되네 ㅠㅠ부모님이 2000정도 지원 해주신다고 했는데, 신차살때만이고 중고차 살거면 니맘대로 니 돈으로 사래서 신차로 사야함.",차갤러 (223.39),164,1,1,0
30살 남자 셀토스 샀는데 좆된거니?,https://gall.dcinside.com/board/view/?id=car_new1&no=10378269,2025-02-11 00:55:15,경차 몇달 몰아보고 첫차 산거라 운전미숙해서 작은차로 알아봤음.장거리 한번씩 다닐 일이 있어서 경차는 주변에서 반대해서 아반떼보다 소형suv가 짧길래 알아보다 엔진미션 맘에 들어서 셀토스 샀는데...갤에 셀토스만 검색해서 봐도 평이 진짜 안좋네...  이제 2주정도 탔는데 경차타다 타서 그런가 옵션도 시그니처에 국민 3옵넣어서 신세계같고 좋은디 난...시트도 캐러멜해서 여친도 너무 좋아하는데 뭔가 평보니까 난 한순간에 인생 망한 하류루저꼬작남된 기분이노....진짜 셀토스가 그리 안좋은 차냐...?,차갤러 (106.101),197,0,2,0
와아반떼n 물건이네,https://gall.dcinside.com/mgallery/board/view/?id=drivesafe&no=1825,2025-02-11 00:51:07,스완넥 옵션에 수동있고중통 직관까지 튜닝하면 진짜 간지날듯 이거사고싶어,크림빵 (175.199),23,0,0,0
아반떼살까요k3살까요,https://gall.dcinside.com/board/view/?id=diet&no=6940115,2025-02-11 00:37:34,,뷰르르릇 (112.221),48,0,0,0
님들아반떼삼k3삼,https://gall.dcinside.com/mgallery/board/view/?id=workoutdietproof&no=45677,2025-02-11 00:37:13,제발,뷰르르릇 (223.39),30,0,0,0
메기타 vs아반떼cn7,https://gall.dcinside.com/mgallery/board/view/?id=used_car&no=30211,2025-02-10 23:56:59,"대한민국 No.1 직영중고차https://m.kcar.com/bc/detail/CarInfoDtl?i_sCarCd=EC61128117&shareFlag=YK Car - 대한민국 No.1 직영중고차국내 최대 규모 직영 중고차 매매 플랫폼 K Car, 하루만에 중고차 사고 팔고, 온라인 구매 집앞배송, 3일 책임환불, 최대2년보증m.kcar.com1950만대한민국 No.1 직영중고차https://m.kcar.com/bc/detail/CarInfoDtl?i_sCarCd=EC61137726&shareFlag=YK Car - 대한민국 No.1 직영중고차국내 최대 규모 직영 중고차 매매 플랫폼 K Car, 하루만에 중고차 사고 팔고, 온라인 구매 집앞배송, 3일 책임환불, 최대2년보증m.kcar.com1750만초보운전 첫차인데 뭐가 더 낫냐?",펩시제로 (61.77),104,0,0,0
아반떼17년 4만 vs 18년 7만 뭐살까 ?,https://gall.dcinside.com/mgallery/board/view/?id=used_car&no=30210,2025-02-10 23:35:03,둘다 무사고 가격도 비슷하다면17년식 4만키로 vs 18년식 7만키로 뭐살까 ?,중갤러 (117.110),31,0,0,0
아반떼cn7 LPG 단순수리 vs 가솔린 무사고,https://gall.dcinside.com/mgallery/board/view/?id=used_car&no=30209,2025-02-10 23:22:56,신차로 가고싶지만 어렵고요.. 연비를 중요하게 생각해서 LPG로 가고싶은데(가스 충전 불편해도 상관없음) 수리를 4번이나 해서 좀 신경쓰이네요 ㅠㅠLPG 21년 5월식 48000km 1790만원가솔린 20년 4월식 19000km 2050만원아래 사진은 LPG 정비소 이력인데 함 봐주시면 감사하겠슴다 !,중갤러 (118.235),67,0,0,0
이거 사면 로아 fhd는 문제없이 돌리냐?,https://gall.dcinside.com/board/view/?id=pridepc_new4&no=5361467,2025-02-10 23:09:54,고민 존나했는데 고민하면 할수록 아반테 사러와서 그랜져 보고있는 느낌임걍 이거 125에 사고 끝낼까싶다,ㅇㅇ (14.7),76,0,0,0
내가 시승한 차가 퀵실버가 맞는지 모르겟어,https://gall.dcinside.com/mgallery/board/view/?id=tesla&no=48520,2025-02-10 23:08:24,위가 내가 찍은거거든왜케 사진이랑 다르지지금 내가 끌고다니는 아반떼 플루이드 메탈릭 그레이보다 더 펄이 안들어간 느낌이야인터넷에 올라온 사진하고도 느낌 많이 다르고하랜에도 건 메탈릭 색깔이 있었다가 사라진건 아니지? 그냥 광원차이인거같긴한데 혹시나,글로리아 (39.112),321,0,0,0
ts) 아카빵의 캐붕은 시우만이 아닌데,https://gall.dcinside.com/mgallery/board/view/?id=genrenovel&no=9960336,2025-02-10 23:01:23,외전에서만으로 한정한다고 하면 시우만이지한사람만을 기다리는 시우모습까지보이고 깨어나니까 그토록 기뻐하며반기고 고백결심하지만결과는 아반데가 거절을 그렇게나 하면서 정색까지하는데거기서 또 포기하지 않고 고백을 100번이나 하면 결국 성공하고그렇게 관계 깊어지기도 하는데갑자기 걸레놈이 돼서 에반젤린한테도 대준다는거잖아?이것만으로도 말이 안되지만본편까지하면 에반데는 이미 시우가 눈을 뜨지못했을때 보여줬던 애틋함 그리고 키스까지하려고 했었고 서로 희생하며 서로가 너무 애틋한 그런 분위기였는데갑자기 외전에서는 에반데가 자기마음을 자각 못한채 그렇게 차갑게 굴면서 거절한다고? 그것부터가 이상했어,ㅇㅇ (223.39),116,0,0,0
차잘알 형님들 선택좀요!,https://gall.dcinside.com/board/view/?id=car_new1&no=10377969,2025-02-10 22:51:03,1. 3년 연식에 2만 뛴 아반떼 cn7 풀옵 중고현대인증 + 1인신조무사고a급차량세금 합쳐서 24002. 아반떼 2025 신차 스마트 스트림+휠 +네비 +스마트키세금 합쳐서 2500대학원생이고 엄마가 사주시는 거고 6-7년은 타라고 하심뭐가 나음?,차갤러 (119.149),45,0,0,0
본인아반떼cn7이 처음이자 마지막 신차인듯ㅠ,https://gall.dcinside.com/board/view/?id=car_new1&no=10377927,2025-02-10 22:38:58,본인 능력으론 소득이 연봉 5천을 못넘기고 관짝갈듯cn7 10년 타다 폐차하면 중고나 사야 되는 인생일듯 ㅠ- dc official App,차갤러 (223.38),82,0,0,0
아반떼cn7 아그vs에그 실제로 보신 분,https://gall.dcinside.com/board/view/?id=car_new1&no=10377916,2025-02-10 22:35:45,뭐가 더 나음? 블랙 가까운 진한 회색이 좋아서 아그로 하려다가 밝은데서 녹조 이끼색 비치는 게 좀 그렇더라 그래서 에그로 할랬능데 에그도 밝은데서 보면 좀 밝은 회색+죠스바색이라 뭔가 옛날 노땅차 느낌 나길래 무한 고민 중,차갤러 (210.108),52,0,0,0
아반떼쏘나타 뭐 가야됨?,https://gall.dcinside.com/board/view/?id=car_new1&no=10377889,2025-02-10 22:27:27,"가성비나 내 용도에 맞게 사면(시내 출퇴근, 주말 데이트) 아반떼로도 차고 넘칠 거 같은데또 10년 넘게 탈거고 나이대도 생각하면 쏘나타가 맞는 거 같고조언좀 부탁드림",차갤러 (59.0),125,1,1,0
아반떼살 돈이면 오버리터급 BMW 산다,https://gall.dcinside.com/mgallery/board/view/?id=staycreal&no=263554,2025-02-10 22:25:39,이런거 하나 장만하고 싶구나,ㅇㅇ (222.121),19,0,0,0
우리나라 사람들 왤케 부자가 많냐,https://gall.dcinside.com/board/view/?id=car_new1&no=10377870,2025-02-10 22:23:25,서울도 아니고 지방인데도최소 그랜저임외제차 ㅈㄴ많도 제네시스 ㄹㅇ 존나 많음소나타나 아반떼 보는게 더 힘드네,ㅇㅇ (175.203),98,0,0,0
아반떼N 샀다,https://gall.dcinside.com/mgallery/board/view/?id=shutokoubattle&no=1400,2025-02-10 22:12:41,쎄타엔진 비스무리한거 들어가고 준중형이니까 아무튼 아엔 맞음,ㅁㅋㅇ (222.110),227,0,0,0
아반떼가 제일 빠른차임,https://gall.dcinside.com/board/view/?id=car_new1&no=10377819,2025-02-10 22:11:25,걍 미친새끼처럼 밟으니까 피해서 가게 되더라,토네이도 (175.203),73,0,0,0
아반떼풀옵션이 3300밖에 안한다고?,https://gall.dcinside.com/board/view/?id=car_new1&no=10377810,2025-02-10 22:09:02,사야겠지?- dc official App,차갤러 (211.235),50,0,0,0
현대차 디자인은 왜 변태가 되버렸지. 그 시점이,https://gall.dcinside.com/board/view/?id=car_new1&no=10377800,2025-02-10 22:06:27,"생각해보니깐 그 시점이 아반떼 부터였던 걸로.갑자기 아반떼가 아주 조잡하게 각진 형태로 나왔고, 첨봤을 때 뭐야 디자인이 왜 저렇게 조잡해라고 생각했지.그리고 쏘나타도 그랜저도 변태.쏘나타 뉴라이즈까지는 괜찮았어. 그 후 디자인이 변태가 되버렸고.아반떼도 아반떼ad까지는 괜찮았어. 그 후 변태가 되버렸고.그랜저는 그랜저ig는 진짜 디자인 좋았어.그 담 더뉴그랜저에서 후퇴했고, 그 후부턴 ig보다 디자인이 전부 이상하고.기아도 비슷하지만 그나마 현대보단 낫고.k5는 2019년 더뉴k5 디자인이 최고였고, 그 후부턴 디자인이 후퇴한 변태 k5가 계속 출시.k7은 2019년에 나온 k7이 디자인 최고엿고 그 후부터 ㅄ중에 쌍 ㅄ디자인이 되었고,k9는 무난하게 예전이나 지금이나 적당하고.대체 현대차 디자인 누구냐. 진짜 변태짓거리로 변태디자인만 만들었다",ㅇㅇ (210.207),94,1,0,0
앰비언트 DIY로 해볼까,https://gall.dcinside.com/board/view/?id=car_new1&no=10377764,2025-02-10 21:57:34,요즘 아반떼는 기본옵션으로 앰비언트를 넣어주네 ㅅㅂ,차갤러 (118.235),33,1,0,0
꼭 뚜벅이들이아반떼N 빨더라,https://gall.dcinside.com/board/view/?id=car_new1&no=10377758,2025-02-10 21:56:41,에휴 말이 안 통해,차갤러 (58.236),72,3,0,0
새벽 호남지선 고속도로 가장 주의해야하는 차가 무엇인지 아나?,https://gall.dcinside.com/board/view/?id=jungsopd&no=1201015,2025-02-10 21:56:11,"내 똥꼬를 무는 언더네온 튜닝한 k5?""아니""직진코스에서 추월하려하면 풀악셀밟는 530i?""아니""카멜레온 랩핑 / 중통 / 빅윙 달은 g70 3.3?""아니""샛노란 4륜안으로 널 노려보며 다가오는 풀튜닝 카니발?""아니""그럼 현행 공도 최강자 TCR 씹어먹는 데이터를 그대로 이식받은 서킷겸용이 가능한 전륜 최강자 아반떼N?""아니""모두 틀렸다 정답은 바로""바로 기술테크 중소기업 법인 레이 다""좃1소 테크법인레이 내뒤로 꽁무니 붙으면 진짜 이악물고 코너링탄다 얘낸 내일이 없다.방심해서 코너 아웃코스 칠때 속도 줄이면 바로 아웃라인에서 한바퀴 붕 뜨면서 3바퀴로 코너링 타는 모습을 보여준다항상 야밤 호남지선을 달릴땐좃1소 테크 레이를 조심해야한다.그들은 어디에나 있고, 너의 뒤에 있다가도어느샌가 너의 앞에 존재한다.- dc official App",히히뇸뇸 (211.234),88,0,0,0
요샌 일단 그랜저 아랫급 세단은 전부 돈없는 거지 이미지임,https://gall.dcinside.com/board/view/?id=car_new1&no=10377754,2025-02-10 21:55:34,"아반떼 -> 코나, 셀토스 살돈없는 거지쏘나타 -> 투싼, 스포티지 살돈 모자른 거지그랜저 -> 싼타페, 쏘렌토랑 가격 비슷함ㅇㄱㄹㅇ;;그리고 투싼, 스포티지급 부턴 하브도 많이사서기본적으로 가솔린 출고가 대부분인 쏘나타 k5랑 출고가격 차이 많이남- dc official App",ㅇㅇ (223.39),155,1,1,0
전 흙수저답게아반떼AD 중고나 탈라고요,https://gall.dcinside.com/board/view/?id=lovelive_new1&no=270781,2025-02-10 21:51:12,어디 싸돌아다니는 타입도 아니고 나중가서 취업이나 개원할때나 외제 생각해볼듯,ㅇㅇ (182.237),54,0,0,0
고민 해결좀요,https://gall.dcinside.com/board/view/?id=car_new1&no=10377726,2025-02-10 21:49:13,아반떼 cn7 페리 이전 차량 중고를 보고 있었는데현대인증중고차에서 풀옵션급에 1인신조 무사고 등등 하자 없는 차량으로 고르니까 세금 다 더해서 2400이 들더라고요엄마가 사주시는건데 이번에 사면 7년은 탈 각오하라고 하시더라고요오래탈거면 신차를 타는게 유리할거같기도 하다는 욕망이 들기 시작했어요.그래서 그런데 아반떼 2025 스마트 트림이 잘 나왔다고 해서그냥 스마트 트림에 휠+네비게이션+스마트키 옵션 추가해서 뽑는게 어떨까… 이러면 가격은 다 합쳐서 2500 갈 거 같아요,차갤러 (119.149),65,0,0,0
월주차 끊으니까 주차 스트레스 확 사라지네 ㄷㄷ,https://gall.dcinside.com/board/view/?id=car_new1&no=10377695,2025-02-10 21:41:55,아반떼 사이즈까지만 허용되는 실내 주차장 정액권 끊었음ㅠ월 4만원- dc official App,차갤러 (223.38),58,1,0,0
새벽 호남지선 고속도로 가장 주의해야하는 차가 무엇인지 아나?,https://gall.dcinside.com/board/view/?id=car_new1&no=10377688,2025-02-10 21:39:55,"내 똥꼬를 무는 언더네온 튜닝한 k5?""아니""직진코스에서 추월하려하면 풀악셀밟는 530i?""아니""카멜레온 랩핑 / 중통 / 빅윙 달은 g70 3.3?""아니""샛노란 4륜안으로 널 노려보며 다가오는 풀튜닝 카니발?""아니""그럼 현행 공도 최강자 TCR 씹어먹는 데이터를 그대로 이식받은 서킷겸용이 가능한 전륜 최강자 아반떼N?""아니""모두 틀렸다 정답은 바로""바로 기술테크 중소기업 법인 레이 다""좃1소 테크법인레이 내뒤로 꽁무니 붙으면 진짜 이악물고 코너링탄다 얘낸 내일이 없다.방심해서 코너 아웃코스 칠때 속도 줄이면 바로 아웃라인에서 한바퀴 붕 뜨면서 3바퀴로 코너링 타는 모습을 보여준다항상 야밤 호남지선을 달릴땐좃1소 테크 레이를 조심해야한다.그들은 어디에나 있고, 너의 뒤에 있다가도어느샌가 너의 앞에 존재한다.- dc official App",히히뇸뇸 (223.39),94,0,0,0
사이드미러가 자동으로 안접힘아반떼,https://gall.dcinside.com/board/view/?id=car_new1&no=10377639,2025-02-10 21:25:05,카셰어링 이용중인데 폰으로 스마트키 씀원래 잠그면 사이드미러가 자동으로 잠기잖아근데 차 잠궈도 사이드미러 안접히고 2-3초뒤에 삑삑 소리나면서 깜빡이 한번 켜졌다 꺼짐 이거 해결방법좀 알려줘 사고나 이런거 난적없음- dc official App,차갤러 (211.235),57,0,0,0
동생 차 급하게 필요해서 사는데 조건이 별로네...,https://gall.dcinside.com/board/view/?id=car_new1&no=10377551,2025-02-10 20:59:42,아반테 하이브리드 살라고하는데지금 요청하면 최소 5개월이라 그래서 전시차 알아봤는데1. 전시차 한달 전시 할것 미리 계약 (2/10 오늘 대리점 입고)2. 전시차 할인은 20만원3. 탁송료 부담. (공장 -> 대리점)진짜 이득되는거 없네...,차갤러 (119.194),49,0,0,0
아반떼엔진오일 경고등이 자꾸 뜨는데 이유아는사람 있음?,https://gall.dcinside.com/board/view/?id=car_new1&no=10377550,2025-02-10 20:59:31,"16년식 아반떼인데요즘 브레이크 밟거나, 주차할때 후진 넣기전에 브레이크 밟거나 그러면0.1초 정도 엔진오일 경고등이 떳다가 없어져엔진오일 간지도 3개월밖에 안됐는데..왜그런지 아는사람 있어?",ㅋㅋ (211.211),89,0,0,0
장필주 이새끼 차에대해 1도 모르는듯ㅋㅋ,https://gall.dcinside.com/mgallery/board/view/?id=popkontv&no=1050280,2025-02-10 19:48:09,타이어볼때  옆에 슬쩍보고 판단을 하질않나   ㅋ아반떼md  12년식   GDI  초기형  결함엔진을주차장 두어바퀴 돌아보고 브레이크 잘잡히네 하며덜컥 산다고 난리부르스   떨질않나ㅋㅋ오일감소는 기본이고  10년지나서  엔진리콜도 끝나서타다가  엔진피스톤 딱딱거리면  수리비 개폭탄인데개좆도 모르는 호구내구성좋고 연료비 작게드는  K5가스  놔두고내구성쓰레기에  가솔린 md 선택하는  빙시그튼 새기가차안다고 ㅈㄹ  ㅋㅋㅋ,ㅇㅇ (211.46),591,6,2,0
트블vs아반떼면 닥치고아반떼임??,https://gall.dcinside.com/board/view/?id=car_new1&no=10377361,2025-02-10 19:45:50,좆반떼 존나 시릉데 ㅠㅠ- dc official App,차갤러 (222.100),79,0,1,0
중고차 팔라하는데 이거 맞냐,https://gall.dcinside.com/board/view/?id=car_new1&no=10377295,2025-02-10 19:16:43,아반떼 cn7 2021년식 46500km헤이딜러 돌려보니 무사고 기준 1500-1600만원 예상나오던데사고가 한번 크게 나서 (991만원) 앞보닛이랑 오른쪽 문 다 갈았음아는 딜러한테 감가 대충 얼마 들어가냐 물어보니큰 사고라서 감가 심해서 700-800밖에 못받는다네이정도로 원래 감가 들어가노? ㅅㅂ....,ㅇㅇ (221.156),57,0,0,0
역주행 택시와 정면추돌,https://gall.dcinside.com/mgallery/board/view/?id=adjuster&no=51470,2025-02-10 19:13:28,"당직근무를 서고 아침에 퇴근하는길에주행중 반대편 차선에서 오는 택시가 미끄러져서중앙선을 넘어 정면추돌 당했습니다..3초간 기억잃고 차안이서 정신차리고 숨고르고있으니 택시아저씨가 꺼내줬네요운전자석 에어백이 4개 터지고,앞범퍼가 다 찌그러져서 수리가 불가능하다고바로 폐차장으로 갔습니다차량은 아반떼 ad 15년식입니다.저는 보험직원분이 차 태워주셔서 집으로 왔습니다.조금 어지럽고 허리 목이 아파서 집근처 교통사고병원 갔는데 보험접수가 안되서 자비로 계산하고 진료봤는데 오늘은 침만 놔주고 내일 입원예정입니다.지금 몸 상태는 걸을 순 있는데 온몸이 근육통에 머리가 아직 띵 하네요상황은 이렇고 궁금한 사항으로는1. 자동차 폐차를 하면 동일 차량으로 구매할정도로 보상을 안해준다는데 다른 방법이 없는지...2. 경찰서에 신고접수는 안되었는데 해야하는지.3. 택시기사님이 대인접수대신 150만원 준다했는데 안했습니다... 그래서 합의는 어떻게 진행해야하는지4. 내일 입원하는데 순식간에 차도잃고 막막합니다 어떻게해야할지많은 지식인 분들의 도움 부탁드립니다",손갤러 (59.5),130,2,0,0
사고난아반떼cn7 팔라 하는데 도움좀,https://gall.dcinside.com/mgallery/board/view/?id=used_car&no=30192,2025-02-10 19:10:04,2021년식 46500키로헤이딜러 돌려보니 무사고 기준 1500-1600나오던데문제는 사고가 한번 크게남수리보험비용? 그게 991만원 나옴이거 감가 대충 얼마 들어가노,ㅇㅇ (221.156),89,0,0,0
요즘 애들 특:아반떼타느니 걸어다닐래,https://gall.dcinside.com/board/view/?id=immovables&no=7768184,2025-02-10 19:01:54,빌라 사느니 결혼 안할래좃소 가느니 백수할래300충 만나느니 솔로할래걍 주제파악이 안됨 ㅋㅋ,ㅇㅇ (125.240),107,1,0,0
아반떼생각보다 연비 별로더라,https://gall.dcinside.com/board/view/?id=car_new1&no=10377218,2025-02-10 18:52:08,고속도로는 19쯤 나오는데 시내는 별로임꽉막히는 시내 9~111만키로 평균연비 13.1복합 15람서 ㅅㅂ,ㅇㅇ (39.7),70,0,0,0
쏘나타 깡통 vs아반떼풀옵 신차 기준 투표 좀 ㅜ,https://gall.dcinside.com/mgallery/board/view/?id=digitalpicture&no=1432262,2025-02-10 18:38:15,r8 r7 고민중임 ㅜ,강주희 (14.7),104,0,0,0
아반떼풀옵션이 3300밖에 안한다고?,https://gall.dcinside.com/board/view/?id=car_new1&no=10377031,2025-02-10 17:53:11,사야겠지?- dc official App,차갤러 (211.235),68,0,0,0
숨겨진 강자 suv,https://gall.dcinside.com/board/view/?id=car_new1&no=10376942,2025-02-10 17:26:23,도요타 RAV4 PHEV306마력제로백 5.7초EV모드 제로백 9.6초포르쉐 카이엔 5.6초아반떼N 5.4초그랑죠2.5 9.9초,차갤러 (118.235),86,0,0,0
프리우스 VS아반테,https://gall.dcinside.com/board/view/?id=car_new1&no=10376916,2025-02-10 17:19:24,첫 차로 둘 중 하나 고민 중인데주위에서 자꾸 아반테사라함솔까 자동차 기술을 일본한테 어케 이김?세계에서 가장 많은 자동차를 파는 도요탄데 당연히 씹닥전 아님?사람들 아반테 사라는거 보면 프리우스 부러워서 그러는거 같음형들이 봐도 씹프리우스지?,차갤러 (121.134),31,0,0,0
"아반떼N 차주들은 기도할때 ""아-엔"" 이러냐?",https://gall.dcinside.com/board/view/?id=car_new1&no=10376884,2025-02-10 17:11:53,궁그미,ㅇㅇ (121.65),35,0,0,0
이해가 안가는게 나이 좀 젊고 소나타 살 새끼면,https://gall.dcinside.com/board/view/?id=car_new1&no=10376858,2025-02-10 17:04:20,"아n 사는게 정상 아니냐?왜 소나타 사는지 모르겠던데전손블루만 아니면 n이 깔삼하게 이쁘기도 하고 어차피 아반떼, 소나타 또이또인데 소나타 가격으로 아n 살 수 있으면 그걸 사야 자기만족이라도 하지아반떼 타면 그돈씨 하고 소나타 타면 칭찬하겠냐? ㅋㅋㅋㅋㅋ",차갤러 (221.156),111,1,0,0
아반떼쏘나타 그랜저 가격 차이도 서로 많아봤자 천만원 이하인대..,https://gall.dcinside.com/board/view/?id=car_new1&no=10376854,2025-02-10 17:02:45,그냥 자기한테 맞는 차 타는거지서로 끕나누기는 ㅉㅉ..- dc official App,차갤러 (58.236),108,2,2,0
아반떼N 좆병신차 수준ㅋㅋ,https://gall.dcinside.com/board/view/?id=car_new1&no=10376836,2025-02-10 16:56:08,"개썩차 판매량 수준ㅋㅋㅋ 꼴랑 5만대ㅋㅋㅋ엥... 우주명차 시빅알은 3천따리라고...? 심지어 지랄 코롤라한테 따였어??????? : 시빅알은 포람맥마냥 연간 생산대수 정해놓고 판다구요!!!!(포람맥도 그딴짓 안함. 정규라인업은 그냥 공장 풀로 돌려서 찍어내는게 그 생산량인거임)현실은 1년내내 공장 쳐 돌려도 사는사람이 '^3345^'참고로 미국 아반떼 판매량은 총 13만대, 그 중 5만대가 아반뗴N이라는 얘기임",ㅇㅇ (118.42),111,2,1,0
여기 자동차 구매 관련 물어봐도 됨 ?????,https://gall.dcinside.com/board/view/?id=car_new1&no=10376824,2025-02-10 16:52:20,"쏘나타 풀체 나오면 신차 뽑을까 고민 중이야보니까 쏘나타 신차 뽑을 가격이면 gn7 뽑을 수 있더라고(시승 한 번해봤는데 진짜 완전 맘에 들긴 했음)예산은,,, 딱히 한도를 정하진 않았는데 뭘 사야할지 모르겠다나이: 30초연봉: 4천후반보유금: 1.8억현차: 10년식 아반떼HD비고: 작년에 내가 디엣지 맘에 든다니까 엄마가 차 뽑으라고 4천 줌(근데 돈 아까워서 그냥 예금 박음,,)솔직히 내 수준에 신차 뽑는 거 무리인 거 아는데지금 차에 슬슬 돈이 많이 들어가고 있어서 이럴 바에 신차 뽑아서 10년 타도 되겠다 싶기도 해서근데 이게 2-3년 지난 그랜저가 가격이 쏘나타 신차랑 비슷하다보니까 고민되네,,,쏘나타 풀체 나오면 이야기지만DN9(신차) vs GN7(중고)중에 뭐 뽑을 거 같음 ??",차갤러 (175.202),75,0,0,0
만삐 3천만원 모았는데 모할까요,https://gall.dcinside.com/board/view/?id=comic_new4&no=6134524,2025-02-10 16:20:59,아반떼 풀옵ㄱ?- dc official App,후토모모 (211.54),77,0,0,0
자동차 갤러리 3대 갤주가 얘네맞음?,https://gall.dcinside.com/board/view/?id=car_new1&no=10376710,2025-02-10 16:16:19,1. 아반떼 N2. 그랑 콜레오스3. HG300이거 맞음? 궁그미,차갤러 (110.44),115,3,0,0
중고차 사서 딸딸이 치는 병신들은 뭐임?,https://gall.dcinside.com/board/view/?id=car_new1&no=10376660,2025-02-10 15:57:47,시세가 뭔지 모름? 신차가가 얼마든 중고값이 현 가치임구형 그랜저보다 아반떼가 월등하고 구형 독삼사보다 쏘나타케파가 월등함자기는 신차로 산거라면서 구형이다? 걍 영끌 카푸어새끼 신차 무난하게 뽑을 재력이면 구형 되면 중고로 파는게 정상임,ㅇㅇ (223.39),43,0,0,0
원룸 월세 혼자 살면서 차끌면서 9급으로 살수있냐?,https://gall.dcinside.com/mini/board/view/?id=gongsistudy&no=389269,2025-02-10 15:53:46,월세 40~50잡고차는 아반떼정도 끈다고하면200버는거 그대로 다나감?,ㅇㅇ (117.111),179,0,0,0
곧 전역하는 군바린데 HD아반떼지금 사도 됨?,https://gall.dcinside.com/board/view/?id=car_new1&no=10376644,2025-02-10 15:51:47,이런거 사면 5년은 탈 수 있으려나,ㅇㅇ (223.39),75,0,1,0
hg 준중형차잖아,https://gall.dcinside.com/board/view/?id=car_new1&no=10376639,2025-02-10 15:50:17,사이즈 케파나타보다 작던데 아반떼 케3 라인 아님?,ㅇㅇ (223.39),74,2,0,0
벰베를 샀다면서 왜 징징거리는 것이지?,https://gall.dcinside.com/mgallery/board/view/?id=dhxhzbrof&no=2875,2025-02-10 15:49:38,"벰베 5만 탔는 데 정비비 500 내는 것도 아프면 차를 왜 사는거임?불만이면 모닝, 아반떼, 토요타 차를 타야지모닝 타이어 3만에 1번쯤 갈면 32만원쯤 나올거다토요타 차는 10만 뛰어도 왠만하면 별 이상없고돈 적게 들어가는 차들을 사람들이 바보라서 타고 다는게 아님애초에 얼마나 험한곳을 빡시게 달렸으면 하체가 작살나냐조금 잘 나간다고 미친듯이 혹사시켰을 거 뻔하지",큐갤러 (125.129),84,0,0,0
캐스퍼EV가아반떼보다 성능좋은데 뭐솔?,https://gall.dcinside.com/board/view/?id=car_new1&no=10376597,2025-02-10 15:37:03,모터 출력114마력14토크아반떼cn7105마력4000rpm에서 15토크??,ㅋㅋ (1.216),69,0,0,0
뭔 제로백가지고 싸우냐 초딩임?,https://gall.dcinside.com/mgallery/board/view/?id=bikebari&no=28446,2025-02-10 15:34:20,돈없는 사초생 할부로 아반떼N뽑아서 하는짓을 왜 여기서하고있음?,더미헤드레이서 (211.235),93,0,0,0
아반떼->a클가면 없어보임?,https://gall.dcinside.com/board/view/?id=car_new1&no=10376582,2025-02-10 15:33:02,누가봐도 벤츠타고싶은데 돈없어서 타는놈으로 보일거같은데,ㅇㅇ (118.176),54,0,0,0
아반떼N.manhwa,https://gall.dcinside.com/mgallery/board/view/?id=used_car&no=30178,2025-02-10 15:17:32,- dc official App,중갤러 (106.101),60,1,0,0
아반떼중고 샀는데 중고사길 잘한듯,https://gall.dcinside.com/board/view/?id=car_new1&no=10376526,2025-02-10 15:12:00,옵션 다 되어있고왕초보라 겁나.- dc official App,차갤러 (118.235),62,0,0,0
현대기아차는아반테까지만 사는거다.,https://gall.dcinside.com/board/view/?id=car_new1&no=10376519,2025-02-10 15:10:16,그 이상은 수입가라.  보증끝나 수리비 무섭닥?... 파트존에 부품들 차고 넘친다. 동네 사설정비소 예약해서 정비해라. 국산차와 비슷하다. 아주 약간 비싼정도,차갤러 (59.14),74,1,0,0
셀토스 vs아반떼,https://gall.dcinside.com/board/view/?id=car_new1&no=10376476,2025-02-10 14:52:57,아반떼 인스 vs 셀토스 1.6 프레스티지 3옵가격차이는 3백정도 인데아방 풀옵은 뭐 그렇다쳐 근데 셀토스에 3천 태우는거이거맞냐?자꾸 그돈씨 거리다가모닝 2천하는거보고 맞는거 같기도하고장거리 + 캐리어 3개정도 짐 들고다님 걍 셀토스갈까,차갤러 (222.104),153,0,0,0
차급은 경차 -> 준중형 or 중형 -> 준대형이 제일 차이큼,https://gall.dcinside.com/board/view/?id=car_new1&no=10376459,2025-02-10 14:46:00,준대형 -> 대형준중형 -> 중형은 ㄹㅇ 차이 개쥐뿔도 없음쏘나타 = 아반떼는 타기싫고 그랜저 살돈 없는 거지들이 타는차대형차 = 허세충이거나 끝판왕 타고 싶은놈이 타는차 (현실은 g90이나 V6 그랜저랑 차이 ㅈ도 없음),hg300 (106.101),1063,13,35,0
와 도요타크라운 터보가아반떼N 보다 빠르네 ㅋㅋ,https://gall.dcinside.com/board/view/?id=car_new1&no=10376453,2025-02-10 14:43:09,제로백 5.1초 하길래 구라같아서 유튜브 검색후 영상보니까 진짜 5.1초네 ㅋㅋㅋㅋ 개빠르네 짐차 주제에 ㅋㅋㅋㅋ,ㅇㅇ (223.38),79,0,0,0
아반떼hd 중고타다가 베뉴 티볼리 중고사면,https://gall.dcinside.com/board/view/?id=car_new1&no=10376432,2025-02-10 14:30:20,만족하냐? 사실 이거 좀비차라 고장안나면 계속타도될거같은데세단말고 가성비좋은 소형suv중고사려고함.,ㅇㅇ (118.176),95,0,0,0
아반떼< 지금 사면 10년 탈 수 있음?,https://gall.dcinside.com/board/view/?id=car_new1&no=10376415,2025-02-10 14:24:35,미션 나감?90퍼 시내바리에 할배운전 함,차갤러 (59.0),89,0,0,0
진짜 좆기차 사면 무조건 멀미함,https://gall.dcinside.com/board/view/?id=car_new1&no=10376388,2025-02-10 14:16:49,특히 suv타면 100% 멀미쳐함얼마나 뒤뚱거리고 롤링이 심하면 ㅆㅂ아반떼 k3가 최고임 얘네수준에선,dipliti (223.39),92,0,0,0
애초에아반떼= 쏘나타 거의 동급인게,https://gall.dcinside.com/board/view/?id=car_new1&no=10376376,2025-02-10 14:12:17,엔진도 똑같은 1600cc임차 무게 생각하면 k5보다 아반떼가 더 잘 나갈듯걍 작은 엔진에 사이즈 큰거 원하는놈이나 타는 개애미없는 차급,hg300 (106.101),1398,16,31,0
애매하게 e클 사느니아반떼사는게 낫지 ㅇㅇ,https://gall.dcinside.com/board/view/?id=car_new1&no=10376364,2025-02-10 14:05:17,ㅇㅈ?,무무밍 (223.39),64,1,1,0
서울 부동산만 3개 있는데 외제차 줘도 안탄다,https://gall.dcinside.com/board/view/?id=car_new1&no=10376342,2025-02-10 13:53:34,뭐 대충 2억짜리 외제차라 치면 그 돈으로 차라리 예적금 넣어놓고 생활비에 보태던지아니면 계속 모아서 등기를 하나 더 치지절대로 차에는 안 씀나처럼 돈 많으면 아반떼 타도 꿇릴거 전혀 없고 외제차 탄다고 설칠 필요도 없다자산에 자신이 없으면 자꾸 티를 내는거임,차갤러 (211.179),55,0,0,0
좆구형아반떼에 이타샤하면 없어보임?,https://gall.dcinside.com/board/view/?id=car_new1&no=10376332,2025-02-10 13:49:46,궁그미,차갤러 (110.44),22,0,0,0
외제차 타는 애들 98%는 거지더라 ㅇㅇ,https://gall.dcinside.com/board/view/?id=car_new1&no=10376285,2025-02-10 13:29:25,나처럼 자산에 자신 있으면 걍 아반떼 탐,차갤러 (211.179),67,0,1,0
아반떼타고 다니는데 외제차 왜타는지 모르겠노,https://gall.dcinside.com/board/view/?id=car_new1&no=10376270,2025-02-10 13:23:17,나보다 자산 적은 애들이 남의 눈은 드럽게 인식해서 외제차 타는거 보면 신기함 걍 ㅇㅇ,차갤러 (211.179),117,0,0,0
이바닥 빌더들아반떼타면 큰일나냐,https://gall.dcinside.com/mgallery/board/view/?id=bodybuilding&no=2779987,2025-02-10 13:21:12,아반떼 ㄱㅊ한데,보갤러 (124.197),32,0,0,0
"오피, 스웨,건마 한달에 얼마쓰는게적당함?",https://gall.dcinside.com/board/view/?id=employment&no=2054298,2025-02-10 13:15:30,본인 29모쏠 결혼생각없고 애초에 여자랑 대화한적도없어서 ㅋ.. 번듯한직장있음 차는아반떼 모은돈현금5500만원있음한달에 적게벌면350 많이벌면450찍힘 연봉은세전5천초반달에 두번가는데 한40썻는데 달에4번 즉 주에1번으로 늘릴까싶은데.. 한달80정도 ㅇㅇ,취갤러 (125.186),159,1,1,0
"오피, 스웨,건마 한달에 얼마쓰는게적당함?",https://gall.dcinside.com/board/view/?id=bluecollar&no=353538,2025-02-10 13:15:24,본인 29모쏠 결혼생각없고 애초에 여자랑 대화한적도없어서 ㅋ.. 번듯한직장있음 차는아반떼 모은돈현금5500만원있음한달에 적게벌면350 많이벌면450찍힘 연봉은세전5천초반달에 두번가는데 한40썻는데 달에4번 즉 주에1번으로 늘릴까싶은데.. 한달80정도 ㅇㅇ,생갤러 (125.186),156,0,2,0
"오피, 스웨,건마 한달에 얼마쓰는게적당함?",https://gall.dcinside.com/board/view/?id=army&no=1820051,2025-02-10 13:15:17,본인 29모쏠 결혼생각없고 애초에 여자랑 대화한적도없어서 ㅋ.. 번듯한직장있음 차는아반떼 모은돈현금5500만원있음한달에 적게벌면350 많이벌면450찍힘 연봉은세전5천초반달에 두번가는데 한40썻는데 달에4번 즉 주에1번으로 늘릴까싶은데.. 한달80정도 ㅇㅇ,육갤러 (125.186),213,0,0,0
"오피, 스웨,건마 한달에 얼마쓰는게적당함?",https://gall.dcinside.com/board/view/?id=jungsopd&no=1200280,2025-02-10 13:15:11,본인 29모쏠 결혼생각없고 애초에 여자랑 대화한적도없어서 ㅋ.. 번듯한직장있음 차는아반떼 모은돈현금5500만원있음한달에 적게벌면350 많이벌면450찍힘 연봉은세전5천초반달에 두번가는데 한40썻는데 달에4번 즉 주에1번으로 늘릴까싶은데.. 한달80정도 ㅇㅇ,중갤러 (125.186),152,0,0,0
"오피, 스웨,건마 한달에 얼마쓰는게적당함?",https://gall.dcinside.com/board/view/?id=neostock&no=6133029,2025-02-10 13:15:05,본인 29모쏠 결혼생각없고 애초에 여자랑 대화한적도없어서 ㅋ.. 번듯한직장있음 차는아반떼 모은돈현금5500만원있음한달에 적게벌면350 많이벌면450찍힘 연봉은세전5천초반달에 두번가는데 한40썻는데 달에4번 즉 주에1번으로 늘릴까싶은데.. 한달80정도 ㅇㅇ,주갤러 (125.186),62,0,1,0
"오피, 스웨,건마 한달에 얼마쓰는게적당함?",https://gall.dcinside.com/board/view/?id=car_new1&no=10376245,2025-02-10 13:14:58,본인 29모쏠 결혼생각없고 애초에 여자랑 대화한적도없어서 ㅋ.. 번듯한직장있음 차는아반떼 모은돈현금5500만원있음한달에 적게벌면350 많이벌면450찍힘 연봉은세전5천초반달에 두번가는데 한40썻는데 달에4번 즉 주에1번으로 늘릴까싶은데.. 한달80정도 ㅇㅇ,차갤러 (125.186),59,0,0,0
"오피, 스웨,건마 한달에 얼마쓰는게적당함?",https://gall.dcinside.com/board/view/?id=lotto_new2&no=5315589,2025-02-10 13:14:52,본인 29모쏠 결혼생각없고 애초에 여자랑 대화한적도없어서 ㅋ.. 번듯한직장있음 차는아반떼 모은돈현금5500만원있음한달에 적게벌면350 많이벌면450찍힘 연봉은세전5천초반달에 두번가는데 한40썻는데 달에4번 즉 주에1번으로 늘릴까싶은데.. 한달80정도 ㅇㅇ,토갤러 (125.186),115,0,1,0
"오피, 스웨,건마 한달에 얼마쓰는게적당함?",https://gall.dcinside.com/board/view/?id=bitcoins_new1&no=7930756,2025-02-10 13:14:45,본인 29모쏠 결혼생각없고 애초에 여자랑 대화한적도없어서 ㅋ.. 번듯한직장있음 차는아반떼 모은돈현금5500만원있음한달에 적게벌면350 많이벌면450찍힘 연봉은세전5천초반달에 두번가는데 한40썻는데 달에4번 즉 주에1번으로 늘릴까싶은데.. 한달80정도 ㅇㅇ,비갤러 (125.186),149,0,0,0
"오피, 스웨,건마 한달에 얼마쓰는게적당함?",https://gall.dcinside.com/board/view/?id=maplestory_new&no=9390977,2025-02-10 13:14:38,본인 29모쏠 결혼생각없고 애초에 여자랑 대화한적도없어서 ㅋ.. 번듯한직장있음 차는아반떼 모은돈현금5500만원있음한달에 적게벌면350 많이벌면450찍힘 연봉은세전5천초반달에 두번가는데 한40썻는데 달에4번 즉 주에1번으로 늘릴까싶은데.. 한달80정도 ㅇㅇ,메갤러 (125.186),51,0,0,0
"오피, 스웨,건마 한달에 얼마쓰는게적당함?",https://gall.dcinside.com/board/view/?id=football_new9&no=2970442,2025-02-10 13:14:32,본인 29모쏠 결혼생각없고 애초에 여자랑 대화한적도없어서 ㅋ.. 번듯한직장있음 차는아반떼 모은돈현금5500만원있음한달에 적게벌면350 많이벌면450찍힘 연봉은세전5천초반달에 두번가는데 한40썻는데 달에4번 즉 주에1번으로 늘릴까싶은데.. 한달80정도 ㅇㅇ,해갤러 (125.186),33,0,0,0
"오피, 스웨,건마 한달에 얼마쓰는게적당함?",https://gall.dcinside.com/board/view/?id=loan_new1&no=11967530,2025-02-10 13:14:25,본인 29모쏠 결혼생각없고 애초에 여자랑 대화한적도없어서 ㅋ.. 번듯한직장있음 차는아반떼 모은돈현금5500만원있음한달에 적게벌면350 많이벌면450찍힘 연봉은세전5천초반달에 두번가는데 한40썻는데 달에4번 즉 주에1번으로 늘릴까싶은데.. 한달80정도 ㅇㅇ,대갤러 (125.186),24,0,0,0
"오피, 스웨,건마 한달에 얼마쓰는게적당함?",https://gall.dcinside.com/board/view/?id=leagueoflegends6&no=6013225,2025-02-10 13:14:16,본인 29모쏠 결혼생각없고 애초에 여자랑 대화한적도없어서 ㅋ.. 번듯한직장있음 차는아반떼 모은돈현금5500만원있음한달에 적게벌면350 많이벌면450찍힘 연봉은세전5천초반달에 두번가는데 한40썻는데 달에4번 즉 주에1번으로 늘릴까싶은데.. 한달80정도 ㅇㅇ,롤갤러 (125.186),85,0,1,0
"오피, 스웨,건마 한달에 얼마쓰는게적당함?",https://gall.dcinside.com/board/view/?id=sa&no=696565,2025-02-10 13:14:09,본인 29모쏠 결혼생각없고 애초에 여자랑 대화한적도없어서 ㅋ.. 번듯한직장있음 차는아반떼 모은돈현금5500만원있음한달에 적게벌면350 많이벌면450찍힘 연봉은세전5천초반달에 두번가는데 한40썻는데 달에4번 즉 주에1번으로 늘릴까싶은데.. 한달80정도 ㅇㅇ,서갤러 (125.186),107,0,0,0
현대에서 제일 고장없는게아반떼냐 쏘나타냐?,https://gall.dcinside.com/board/view/?id=car_new1&no=10376195,2025-02-10 12:47:54,인터넷 돌아다니다보면아반떼랑 쏘나타가 현대에서 그나마 제일잘만드는차라는 글 몇번봣는데 니들생각은 어떠냐- dc official App,Simpson (223.38),95,0,0,0
간땡이가 중요하지 마력이 중요하노,https://gall.dcinside.com/board/view/?id=car_new1&no=10376142,2025-02-10 12:29:25,새벽 얼어붙은 고속도로에서 170 항속주행하는 아반떼한테 털려서 하는말은 아님,ㅇㅇ (39.7),28,0,0,0
차폭감 ㅇㅈㄹ하는새끼들은,https://gall.dcinside.com/board/view/?id=car_new1&no=10376041,2025-02-10 11:59:35,운지해라 그냥 ㅋㅋㅋ차폭감 이 달라서 운전하기 어렵다니 어쩌니븅신들아 사이드미러가 닿냐 안닿냐로 보면되지무슨 기껏하다 아반떼타다가 그랜저타는걸로차폭감이 달라서 운전하기어렵니 개지랄떨고있냐누가보면 코나 타다가 에스컬레이드 타고그소리하는줄알겠다,차갤러 (118.219),97,0,0,0
아반떼풀옵션이 3300밖에 안한다고?,https://gall.dcinside.com/board/view/?id=car_new1&no=10376038,2025-02-10 11:58:48,사야겠지?- dc official App,차갤러 (211.235),76,0,0,0
모닝아반떼신차살바에 그랜저 k7 중고가 낫긴함,https://gall.dcinside.com/board/view/?id=car_new1&no=10375959,2025-02-10 11:27:11,차급 낮은거 타고댕겼을때 개나소나 나 제끼려고 풀악셀밟고 내앞에 껴든담에 속도 줄임준대형타니깐 그런현상 현저히 줄어듬 ;,ㅇㅇ (211.234),82,0,0,0
차는 너무 구형만 아니면 됨,https://gall.dcinside.com/board/view/?id=car_new1&no=10375913,2025-02-10 11:11:55,"적어도 나이에 맞는차는 타야됨20대때는 뭘타도 괜찮잖아차라도 있는게 어디임 ..근데 30대때부터는소개팅이런곳 나갈떄 너무 오래된 구형차 타고나가면점수 많이깎임아반떼 소나타 타더라도 최신년식은 타고가라너가 여자라고 생각해봐얼굴 진짜 잘생긴거 아닌이상소개팅남이랑 만나기로 한 자리에2007년식 스포티지,투싼코란도, 테라칸 회색깔 이런거 타고 나오면바로 런치고싶을걸?",차갤러 (118.219),162,0,0,0
더뉴아반떼md vs 올 뉴 프라이드,https://gall.dcinside.com/mgallery/board/view/?id=used_car&no=30164,2025-02-10 11:04:05,Md라 아반떼 버릴려했는데 더뉴 후기형이라 나름 괜찮을듯고속 거의 타지도 않을거고 ㅎ근데 디자인이 프라이드가 더 땡기노,중갤러 (221.163),45,0,0,0
와이프 유치원 통학용 장보기용 차추천,https://gall.dcinside.com/mgallery/board/view/?id=used_car&no=30163,2025-02-10 11:02:38,와이프가 애기 통원시키구 장보기용으루 시내만 다닐텐데올뉴k7  lpg와아반떼 cn71.6 가솔린중에어떤차가 괜찮을까요?하루에 주행거리가 15km내외일듯 싶습니다.,7추텨7 (49.246),66,0,0,0
슈루룩 차를 사 그냥,https://gall.dcinside.com/mini/board/view/?id=05&no=687428,2025-02-10 10:46:21,아반떼하나뽑아라클릭하면돈나옴,상어는동물의왕 (110.14),20,0,0,0
투루카 아엔 주행요금 뭐고,https://gall.dcinside.com/mgallery/board/view/?id=carsharing&no=36173,2025-02-10 10:20:27,아반떼랑 똑같네,수유카갤러 (223.38),437,0,0,0
sm6 재고차아반떼보다 싸다는데?,https://gall.dcinside.com/board/view/?id=car_new1&no=10375752,2025-02-10 10:00:15,이러면 sm6 사는게 맞는거아님?,차갤러 (124.62),50,0,0,0
그랜저 가솔린 vs아반떼가솔린 어무니 차로뭐가낫냐,https://gall.dcinside.com/board/view/?id=car_new1&no=10375707,2025-02-10 09:40:18,일년주행거리 1만키로 조금 넘으시고고속도로주행 거의안함당연 닥후긴한데 아빠차도 18년되가는 썩차라주행거리 적으면 하이브리드보다는 가솔린이지?내구성이 하브가더 안좋을듯,차갤러 (61.99),47,0,0,0
3공 언제까지 투싼 하루2~3대 생산임?,https://gall.dcinside.com/mgallery/board/view/?id=hyunchoc&no=45531,2025-02-10 08:01:14,아반떼만하니 ㅈㄴ 편하긴하네,촉촉이 (211.235),269,0,0,0
중고차 고수형들 이거 이륙가능한지 봐줘,https://gall.dcinside.com/mgallery/board/view/?id=used_car&no=30158,2025-02-10 04:42:09,ㄹㅇ 차알못 븅띤이라 잘 봐줘 ㅜ모닝2년탓고 아반떼 ㅈㄴ 끌리는데 이거사도 ㄱㅊ?차 잘몰라 모닝도 2년타고 ㅈㄴ비싸게사고 싸게팜https://m.kcar.com/bc/detail/carInfoDtl?i_sCarCd=EC61087374&shareFlag=Y,중갤러 (59.2),109,0,0,0
동창회 지구명차아반떼끌고가면,https://gall.dcinside.com/mgallery/board/view/?id=stockus&no=9713844,2025-02-10 02:31:42,머선 반응,ㅆㅆ (211.200),50,0,0,0
이사가기전에 안산에서 거의 다타봤다 (투루카),https://gall.dcinside.com/mgallery/board/view/?id=carsharing&no=36158,2025-02-10 01:53:27,10일동안 64만원 맛있게 탔습니다전역하고 술대신 차만타고 다녔더니거기서 거기긴하네친구랑 둘이서 2빵쳤으니까 32만원이네ㅋㅋ아이오닉5 ev6 더뉴아반떼 그랜져 디엣지 니로ev k5하브더뉴아반떼 엔진음이 I4가 아닌거같아서 재밌었고전기차는 처음타봤지만 빠릿한 엑셀감에 재밌었다거의다 풀옵이라서 사고한번없이 탈출이다(그린카 캐스퍼1.0T 사고냈음)- dc official App,카갤러 (106.101),207,0,0,0
아반떼로 800km정도 달리려면 주유비 많이듬? 지금비싸서,https://gall.dcinside.com/board/view/?id=pridepc_new4&no=5357151,2025-02-10 01:17:18,ㅇㅇ,컴갤러 (119.65),71,0,0,0
준중형도 고속도로 잘타니.너무 걱정하지마라.,https://gall.dcinside.com/mgallery/board/view/?id=used_car&no=30151,2025-02-10 00:33:24,아반떼나 소나타나 고속도로80 ~110정도 달리는데 둘 차이 크게 없다.네명 태워서 고속도로 다닐거면 소나타인데혼자나 둘이면 아반떼로도 충분히 다닌다..너무 걱정하지마라,ㅇㅇ (223.39),94,0,0,0
역주행 택시와 정면추돌,https://gall.dcinside.com/board/view/?id=accident2&no=1514474,2025-02-09 23:45:34,"당직근무를 서고 아침에 퇴근하는길에주행중 반대편 차선에서 오는 택시가 미끄러져서중앙선을 넘어 정면추돌 당했습니다..3초간 기억잃고 차안이서 정신차리고 숨고르고있으니 택시아저씨가 꺼내줬네요운전자석 에어백이 4개 터지고,앞범퍼가 다 찌그러져서 수리가 불가능하다고바로 폐차장으로 갔습니다차량은 아반떼 ad 15년식입니다.저는 보험직원분이 차 태워주셔서 집으로 왔습니다.조금 어지럽고 허리 목이 아파서 집근처 교통사고병원 갔는데 보험접수가 안되서 자비로 계산하고 진료봤는데 오늘은 침만 놔주고 내일오라고합니다.지금 몸 상태는 걸을 순 있는데 온몸이 근육통에 머리가 아직 띵 하네요상황은 이렇고 궁금한 사항으로는1. 자동차 폐차를 하면 동일 차량으로 구매할정도로 보상을 해 주는지.2. 지금 몸 상태에 입원하는게 나을지, 통원치료를 받는게 나을지. 그거에 따른 보험금이 다른지.많은 지식인 분들의 도움 부탁드립니다.",사갤러 (211.234),103,1,0,0
어제 테슬라 시승하고 오늘아반떼탔다가 기절하는줄,https://gall.dcinside.com/board/view/?id=car_new1&no=10375063,2025-02-09 23:44:19,하이랜드 승차감은 거의 에이스침대인데아반떼타니까 노면을 그대로 전달해주는 초박형 콘돔이라느껴버림,글로리아 (212.102),113,0,0,0
아반떼가 2억 일본차 독일차 개바르는 이유,https://gall.dcinside.com/board/view/?id=car_new1&no=10375050,2025-02-09 23:36:46,4천에 2억 감성 실화냐 단지 가죽이 플라스틱으로 바뀐거 밖에 없음,차갤러 (118.235),95,0,1,0
아반떼cn7 운전석 도어캐치 질문좀..,https://gall.dcinside.com/board/view/?id=car_new1&no=10375047,2025-02-09 23:34:03,사진1                                             사진2                                                                                  사진3운전석 도어캐치 뒷부분 깨졌는데 다시 껴보니까 고정이 안됨<사진2>보면 외관상 문제는 없어서 그냥 끼고 다니고 싶은데 접착제로 붙이기에는 나중에 방전나면 때기 힘들거같고... 찍찍이 같은거로 붙이고 다니면 운행중에 날아갈까?,차갤러 (211.193),108,0,0,0
30살 연봉 3200 ㅍㅌㅊ냐?,https://gall.dcinside.com/mgallery/board/view/?id=stockus&no=9713082,2025-02-09 23:28:05,아반떼 살라고 생각중,ㅇㅇ (1.238),219,0,0,0
요즘 차가 얼마나 비싼데 저걸 사냐..,https://gall.dcinside.com/board/view/?id=jungsopd&no=1199641,2025-02-09 23:10:21,진짜 니네 아파트 주차장에 있을 법한하나도 안비싸 보이든 서민차 같은 차들도 미친듯이 비싸다아반떼도 3천이고소렌토 이런거도 5 6천은 함정신차리자,탑서폿함 (121.137),116,0,0,0
요즘 바빠셔 차갤 방문 뜸함.,https://gall.dcinside.com/board/view/?id=car_new1&no=10374986,2025-02-09 23:08:42,이러다 캐스퍼에서 아반떼로 업글하는거 아님?- dc official App,경차오우나 (212.102),64,0,0,0
그래도 션이 대단한 이유,https://gall.dcinside.com/mgallery/board/view/?id=ufcmma&no=67813,2025-02-09 22:58:09,션이 미디어 타고 인지도 좀씩 얻을때 쯤션은 팬들에게 다리도 불편하지만 한계를 딛고 싸우는 선수딱 이정도였음누구도 탑컨텐더가 될 재목이라고 생각 안함아반떼 타고 다니는 웃긴데 짠한 형 같은 느낌이었음근데 본인 한계를 극복하고 챔프찍먹까지 하고지금은 탑컨텐더에 올라선 거임.더군다나 어두운 본인 가정사까지 극복하면서션은 다른 스타 파이터들 처럼 인자강도 멘탈갑도 아님.하지만 우리랑 크게 다를바 없는 그가 한계를 극복하면서한단계 한단계 올라가는 모습이크게 귀감이 됨.남들이 뭐라던난 션스트릭랜드가 좋음,애갤러 (211.241),56,7,0,0
자동차는 소비재고 사치품인걸 명확하게 알아둬야함,https://gall.dcinside.com/board/view/?id=jungsopd&no=1199605,2025-02-09 22:53:18,나도 몇년째구형 아반떼 타고 다님자동차는니가 어떤 차를사도15년 지나면 90퍼 감가는 확정임재산이 아님,탑서폿함 (121.137),39,0,0,0
구형차면 보험료 더 냄?,https://gall.dcinside.com/board/view/?id=car_new1&no=10374915,2025-02-09 22:40:15,"집에 18년식 쏘렌토UM 페리버전 있는데 전역하면 부모님한테 물려받을 예정임심심해서 보험료 조회해봤는데 내 명의 단독 가입으로저 쏘렌토가 440이 나오고 아반떼나 스포티지 새차로 뽑는단 가정하에 220정도가 나오던데 이거 왜 이리 많이 차이 나는거임?물론 전역하면 짬도 찰거고 운전병으로 갈거라 좀 더 할인되긴 할텐데 생각보다 너무 차이가 많이 나서쏘렌토 거의 풀옵으로 뽑아서 블박,후측방 경보,HUD 등등 안전 옵션 거의 다 들어간건데도 차량 체급이 한 등급 높아졌다고 그렇게 차이가 나는건가? 왠지를 모르겠네- dc official App",차갤러 (121.125),125,0,0,0
"아반떼ad, lf 소나타 중고 가격 미쳤네..",https://gall.dcinside.com/board/view/?id=car_new1&no=10374910,2025-02-09 22:39:53,둘다 나온지 8~9년차쯤 됬는데 중고차가Ad는 그당시 신차랑 가격 비슷하고Lf도 거의 감가 없네,차갤러 (118.235),98,0,0,0
아반떼가 최고의 차인 이유.avi,https://gall.dcinside.com/board/view/?id=car_new1&no=10374909,2025-02-09 22:39:43,https://youtu.be/zel6QRwAhnw시벌 ㄷㄷ,차알못 (114.207),52,0,0,0
난 자차있어도 가끔 카셰타는데,https://gall.dcinside.com/mgallery/board/view/?id=carsharing&no=36150,2025-02-09 22:39:26,중고차 딜러하는 이모부한테 거의 공짜로 얻어온 08년식 프라이드 출퇴근용으로 타고다니는데 연비도 좋고 20년 가까이된 썩차 치고는 아직도 잔고장없이 쌩쌩하게 잘나감~ 이거 은근히 명차더라참고로 본인 20대 중반인데 금수저도 아니고 이거라도 자차있는게 어디야물론 수입이 그렇게 막 박봉 정도는 아니라 좀 무리하면 아반떼 정도는 사볼 수도 있겠지만 여기저기 가볍게 타고다니는데 이걸로 충분하더라 굳이 돈들여서 더 비싼 차를 살 이유가 없음 차라리 청약모아서 집을 사고말지근데도 카셰 생각보다 자주 빌려타는데 아무래도 오래된 차다보니깐 차는 잘나가도 승차감이 개나줘버렸고 경차만큼은 아니지만 실내공간이 좀 작아서 이걸로 장거리 왔다갔다하면 상당히 피곤하기 때문에 데일리카로는 좋으나 장거리 출장이나 여행용으로는 영....그럴때 카셰로 좋은차 빌려타는거지 특히 부모님이나 친구들 태우고 멀리 여행갈때 카셰만한게 없더라 옵션 좋은 EV6나 K8하브 같은거 빌려서 가면 진짜 돈값 톡톡히함ㅋㅋㅋ 물론 그런 차를 자차로 갖고싶기는 하지만 20대에 그런 차를 자차로 산다? 상위 1% 금수저들이나 검은돈 만지는 범죄자 새끼나 해당되는 사항임 애초에 그런 인간들은 사는 세계가 다른데 카셰를 논하면 안되지ㅋㅋㅋ그리고 카셰말고 롯데나 SK같은 렌트카 빌려볼수도 있는데 쿠폰같은거 생각하면 비용이 거의 2배 차이라 카셰가 답이다 차 상태 복불복에 보험 부실이라는 문제가 있긴해도 정 심하면 대차받거나 안운하면 그만이라 저렴한게 장땡이다~ 여태 수십번 카셰 빌려탈 동안 담배냄새 이슈 말고는 딱히 문제생긴적 없었으니깐그것도 사실 빌리는 차 종류 나름인거같더라고,Hipass (223.38),259,0,0,0
아반떼(=k3)로 800키로 6만원에 ㄱㄴ?,https://gall.dcinside.com/board/view/?id=car_new1&no=10374892,2025-02-09 22:35:04,부산에서 경기도 왕복,슈퍼슈프림 (212.102),72,1,0,0
근데아반떼ad <— 이거 사는애들 진짜 병신아님??,https://gall.dcinside.com/board/view/?id=car_new1&no=10374877,2025-02-09 22:28:11,K5 2.5세대도1300이면 사는데시발 아반떼ad에 1000을 태워??,ㅇㅇ (39.113),118,0,0,0
펠리 3.8이면 유지비 빡심?,https://gall.dcinside.com/board/view/?id=car_new1&no=10374863,2025-02-09 22:25:23,200따리가 아반떼타다가 펠리3.8로 넘어가면 유지비차이 마니느낌?,차갤러 (125.243),77,0,0,0
아반떼(k3) 1000키로 쯤 달리면 주유비6만원으로ㄱㄴ?,https://gall.dcinside.com/mgallery/board/view/?id=dsrqsv&no=776505,2025-02-09 22:16:07,ㅇㅇ?,슈퍼슈프림 (211.36),68,0,0,0
연봉 8천 정도면 어코드 사도 되냐,https://gall.dcinside.com/board/view/?id=car_new1&no=10374801,2025-02-09 22:02:35,지금 차 16년식 아반떼 AD 인데존나 바꾸고 싶다...,차갤러 (121.182),93,0,0,0
그랜져 이상 몰면 긴장하는 새끼들 있냐?,https://gall.dcinside.com/mgallery/board/view/?id=sohan&no=32368,2025-02-09 21:53:12,차도 크고 전손 내면 -3500만원 이라 긴장 좀 되노ㅋㅋ아반떼나 셀토스는 집에 있는 마누라맹키로 편ㅡ안,핸갤러 (118.235),225,1,0,0
"차에 관심이 없어서 벤츠,제네시스,bmw 구별못함",https://gall.dcinside.com/mgallery/board/view/?id=stockus&no=9712307,2025-02-09 21:23:03,아반떼가 뭔지 소나타가 뭔지 들어만봣지 뭔지 모름근데 테슬라에 몰빵투자함 ㅋㅋ,ㅇㅇ (211.57),72,0,0,0
아반떼풀옵션이 3200 밖에 안한다고?,https://gall.dcinside.com/board/view/?id=car_new1&no=10374672,2025-02-09 21:15:17,사야겠지?- dc official App,차갤러 (115.40),126,0,0,0
2024 한국 시장 자동차 모델별 판매 순위,https://gall.dcinside.com/mgallery/board/view/?id=gotp&no=539338,2025-02-09 20:54:29,"1. 쏘렌토 9만4538대2. 카니발 8만2748대3. 싼타페 7만7161대4. 스포티지 7만4255대5. 그랜저 7만1656대6. 포터 6만9267대7. 셀토스 6만1897대8. 쏘나타 5만7355대9. 아반떼 5만6890대10. 투싼 5만5257대11. 레이 4만8991대12. G80 4만5854대13. 캐스퍼 4만1788대14. 스타리아 4만1118대15. 봉고Ⅲ 4만 539대탑 15는 올 현기차이고 쏘렌토,카니발,스포티지,셀토스 등 RV,SUV의 기아와 그렌저,쏘나타,아반떼,G80 등 세단의 현대로 딱 갈림.현대 SUV는 싼타페를 빼면 다 기아에게 고전하고 있더라...비 현기차인 르노,쉐보레,KGM에서 가장 잘 팔린 차는...르노 그랑 콜레오스 3만9816대쉐보레 트랙스 크로스오버 1만8634대KGM 토레스 3만4951대",miraiproduce (222.114),112,0,0,0
본인은 코인으로 돈 범,https://gall.dcinside.com/mgallery/board/view/?id=kospi&no=4423340,2025-02-09 20:46:48,92년생 분당토박이분당 자가에서 실거주대출x아반떼AD 2018년식 보유아내O(외국인)이제 코인투자 너무 힘들어서배당투자나 하려고 하는데장이 재미없다,국내배당투자전문가 (119.149),63,0,0,0
그랜저 신형디자인 솔직히 잘빠진것 맞다,https://gall.dcinside.com/board/view/?id=car_new1&no=10374577,2025-02-09 20:39:47,옆라인 뒷부분만 부분적으로 보면 별로 안이쁘다고 볼수도 있는데옆라인 전체적으로 보는게 먼저지 옆라인 전체적으로 엄청 잘 빠졌고 앞면 뒷면 모두 우수하다디자인 무난하다는 보다 작은 쏘나타 K5나 K8 G80보다 낫다 아반떼는 좀 납작한 느낌이 든다그럼 SUV 중에선 무슨 차 디자인이 가장 잘빠졌을까개인적으론 GV70이다 GV80과 팰리세이드는 너무 커서 좀 둔탁하고 싼타페는 뒷면이 이상하며 쏘렌토와 콜레오스는 너무 틀에박힌 디자인이다 투싼 토레스는 무난하고 스포티지는 대체로 잘빠지긴 했지만 GV70이 좀더 안정감 있어 보이는 디자인이다디자인하면 셀토스 코나 트랙스 트레일블레이저 등 소형SUV가 뛰어나긴 하지만 실용성에서 조금 약해 보인다,차갤러 (175.211),428,1,1,0
여기도 글 보면 위축되서 액피에선 글을 못싼다는 거 보면..,https://gall.dcinside.com/mgallery/board/view/?id=jndwwe&no=8202,2025-02-09 20:19:42,"결국 본인 수집품은 너무 초라하고 저렴한 제품들인데 액피에는 수백 수천짜리 제품에만 관심을 가지니 .. 그래서 작가작 수집하는 사람들에 대한 열등감 + 분노를 표출하는거잖아.스스로 열등감이나 자존감에 문제없다면 그냥 액피에 몇만원짜리 피규어라도 올려. 아무도 그거가지고 뭐라고안해.단지 사람들에게 관심을 받는건 당연히 쉽게 구경하기 어려운 제품들이지 마트에 파는 3만원 10만원짜리 피규어가 아닐거라는거야.아반떼타고 번화가 가면 누가 ""우와.. 아반떼다"" 이럼? 근데 니가 람보나 페라리 타고 번화가 가봐. 누구나 그 차에 관심을 가지겠지.이건 사람들이 나빠서 또는 인맥때문에 그런게 아니라 누구나 쉽게 접하기 어려운 것들에 대한 관심이 흔히 접하는 것들보다 더 크기 때문이야.""난 핫토이 밖에 없어서 댓글도 안달아준다. """"난 저렴한 제품만 수집해서 사람들이 관심을 안가져준다 ""이렇개 찡찡대면서 그 이유를 작가작 수집하는 사람들에게서 찾는건 모순적인거야.니가 저렴한걸 수집하든 비싼걸 수집하든 아니면 뭐 스페셜오더로 만든 세상에 1체만 존재하는걸 수집하든 아무도 뭐라고안해.단지 그것에 대한 관심도는 사람이라면 어디로 먼저갈지는 다들 알거잖아.당연한걸 이상한데서 이유를 찾지말자. 좀 짜쳐보인다.- dc official App",J갤러 (39.7),420,18,0,0
K3 vs아반떼,https://gall.dcinside.com/board/view/?id=rhythmgame_new1&no=833666,2025-02-09 20:16:51,억지떡밥굴려보죠?,큐벨리아 (39.7),142,0,0,0
초년생 첫차아반떼AD 괜찮음?,https://gall.dcinside.com/board/view/?id=car_new1&no=10374430,2025-02-09 19:50:19,"초년생 첫차 아반떼AD 괜찮음?네비, HID(LED) 헤드라이트, 후측방 딱3개만 체크했는데 주행거리대비 가격이 생각보다 비싸네..ㅠㅠ",차갤러 (118.222),154,0,0,0
그돈이면씨발 딴차를사야지아반떼N 오빠병신이양?,https://gall.dcinside.com/board/view/?id=car_new1&no=10374377,2025-02-09 19:33:25,"차가격은 완전개풀옵40,000,000",차갤러 (59.2),74,2,0,0
교햄으로 갈랜다,https://gall.dcinside.com/mini/board/view/?id=gong&no=603422,2025-02-09 19:23:34,지금 타는 쏘나타 메기 팔아버리고아반떼 ad중고로 갈아타면월급 그놈이 그놈임아니면 걍 차 팔아도경기도라 서울 반대방향 전철이면출근때 누워서 갈수도 있음씨바 뭔 초과하면 부귀영화를 누리는거도 아니고꼴랑 삼사십인데난 교햄간다,ㅁㅁ (106.101),159,1,1,0
BYD 아토3 가격 경쟁력이 너무 좋음,https://gall.dcinside.com/mgallery/board/view/?id=nasdaq&no=983490,2025-02-09 18:41:03,마치 아반떼 자리를 위협할 수 있는 차랄까,ㅇㅇ(39.112) (175.205),104,0,0,0
소형suv 까는애들은 걍 열등감 같음,https://gall.dcinside.com/board/view/?id=car_new1&no=10374160,2025-02-09 18:13:27,비슷한 가격대에 아반떼 쏘나타 빨면서소형suv를 깐다?자기는 그 돈주고 조그만한 짐차 못사겠으니 부들거리는거아님?거기다 여자들도 많이타니까 괜히 화나고 ㄹㅇㅋㅋ- dc official App,ㅇㅇ (220.77),90,0,0,0
국내차 디자인은 k5미만 잡임,https://gall.dcinside.com/board/view/?id=car_new1&no=10374144,2025-02-09 18:05:02,k5로 다 뚜드려 팸 그랜져 소나타 k8 아반떼 다 뜰딱전용 로보캅디자인 병ㅅ 같음- dc official App,차갤러 (39.119),194,4,1,0
사샤아반떼N 뉘르 탄 후기 올라왔네,https://gall.dcinside.com/board/view/?id=car_new1&no=10374140,2025-02-09 18:02:07,섀시 강성 좋고 전반적으로 믿고 서스펜션이 좀 과한 느낌 드는거 빼면 코너 던질수 있는 잘 만든 핫해치라함근데 아5N 만큼 재밌어 하지는 않는듯,ㅇㅇ (222.108),94,0,0,0
형님들 99년생아반떼cn7 ㅈㄴ만족하면서타는데ㅋ,https://gall.dcinside.com/board/view/?id=car_new1&no=10374123,2025-02-09 17:56:57,첫차인지몰라도이가격에 이디자인 이성능ㅋㅋ보험료자차세도 져렴하궁친구들 자차없는뚜벅이들 10에8인데한번씩태워줄때마다 다들부러워함ㅋ;;,차갤러 (59.2),117,1,0,0
아반떼엔진오일 갈았는데 85000원 달라대,https://gall.dcinside.com/board/view/?id=car_new1&no=10374111,2025-02-09 17:53:54,ㅅㅂ 몇년전에 45000이었는데무슨일이 있었던거?,ㅇㅇ (59.3),71,0,0,0
아반떼탄지 3달째인데 너무 후회된다,https://gall.dcinside.com/board/view/?id=car_new1&no=10374094,2025-02-09 17:45:09,시내바리 출퇴근만 할때는 몰랐는데이번 주말에 고향 내려갈 때 고속도로 타보니까 걍 k5나 쏘나타 살 걸 그랬음 ㅠ- dc official App,차갤러 (223.38),260,0,0,0
와아반떼cn7 소나타dn8 그랜저gn7 뒤에숫자뜻이,https://gall.dcinside.com/board/view/?id=car_new1&no=10374076,2025-02-09 17:39:26,7세대 8세대였구나나오늘처음암ㅋㅋㅋ ;;그냥차이름 붙여놓은줄ㅋㅋㅋㅋ,차갤러 (59.2),93,1,0,0
작가작이랑 양산은 단순 취향 차이임,https://gall.dcinside.com/mgallery/board/view/?id=jndwwe&no=8187,2025-02-09 17:27:24,"자동차도 순정에 만족하고, 뭐든 센터에서 해결하는 사람이 있는가하면순정에 만족 못하고 이거저거 튜닝하거나 소모품들 셀프교체해보려는 사람이 있음차쟁이들은 정비, 리스토어까지 하자나단순 그 차이야작가작이 딴게 아니고 서드파티 커스텀의 하위카테고리인데핫토이헤드 리터치, 올리페 말고 피부 눈 리터치는 얼마안듦토포같은 씹가성비 의상 정도면 20만대에 그럴듯함 커스텀 가능임커스텀이라고 다 대가리에 100만 의상에 7~80 디오라마에 2억 박고 시작하는 것은 아니다소위 작가작을 파는 사람들은커스텀에 발을 들였다가 하이엔드로 가버린거지아반떼 N, 벨로스터 N, 골프 gti 타다가amg, m, 타이칸으로 간 거야 어떤 부잣집도련님은 람보나 페라리로 간거고우열 같은건 딱히 없고 그냥 기질, 성향, 노는 물이 다른거",J갤러 (58.225),106,0,0,0
아반떼md 일듯,https://gall.dcinside.com/mgallery/board/view/?id=bodybuilding&no=2777962,2025-02-09 17:17:45,가성비좋긴함ㅋㅋㅋ,보갤러 (121.161),49,0,0,0
경기도에 아파트 자가 있고아반떼굴리면 성공한거 아나냐?,https://gall.dcinside.com/board/view/?id=jungsopd&no=1199118,2025-02-09 17:16:34,요즘 왜이리 성공의 기준이 높냐??- dc official App,중갤러 (211.234),110,0,1,0
형들 첫차 suv 세단 고민임. 오래탈거 추천좀. 안전한거,https://gall.dcinside.com/board/view/?id=car_new1&no=10374013,2025-02-09 17:13:48,"세단보다는 suv가 차대차 충돌사고시 더 안전한편이지?딱봐도 suv가 더 높고 무겁고 커보이는데.운전하기에도 suv가 트럭처럼 높아서 시야도 탁트이고 앞대가리도 짧아서 차폭감에 대해 직관성있어보이는데딱 연비 나쁘고, 승차감 구리다는거만 빼면 나머지 다 장점아닌가?첨에 모닝레이 보다가 지금 아반떼 보다가 이제는 suv보는중.그돈씨라기보단 오래 10년이상 탈 차 보니까 고민되네. 신차살건데 나이 31이고",차갤러 (39.113),89,0,0,0
요새 suv 인기많은 이유가머임?,https://gall.dcinside.com/board/view/?id=car_new1&no=10373994,2025-02-09 17:05:13,주변에도 물어보면 suv 사고싶어하는 뚜벅이는 많아도 아반떼 사겠다는놈은 못봄suv로 뭐하려고 승차감 구린 짐 넣기 편한 차를 사는거임?그렇게까지 짐 싣고 여기저기 다니는 직업도아닌데,차갤러 (39.113),95,0,0,0
우리동네 당근에아반떼투어링 올라왔노,https://gall.dcinside.com/board/view/?id=car_new1&no=10373927,2025-02-09 16:44:24,,yu+ (211.208),57,0,0,0
코나 vs 쏘나타가 ㄹㅇ인데,https://gall.dcinside.com/board/view/?id=car_new1&no=10373891,2025-02-09 16:33:01,아반떼 vs 쏘나타는 솔직히 그돈씨하기에 가격차이 너무 심하고 코나가 그돈씨 존나 마렵게함,ㅇㅇ (49.172),160,0,0,0
"그래도 코나, 셀토스 타는 20대 보지들 귀엽던데",https://gall.dcinside.com/board/view/?id=car_new1&no=10373888,2025-02-09 16:30:00,자기 아빠가 아반떼 사줄려던거 아반떼 싫다고 찡찡거려서 코나 셀토스 샀을거 생각하니 ㅈㄴ 귀여움- dc official App,ㅇㅇ (89.147),187,1,0,0
어사일 올려치기 하는 심리는 이거지 (심리학자임),https://gall.dcinside.com/mgallery/board/view/?id=speakers&no=421025,2025-02-09 16:16:06,측정치 기반의 공돌이st 가 스갤 특징이라고 하자.근데 이보다 더 중요한 신념이 있다.‘가성비‘가격 대비 그래프 플랫한 특징의 스피커를 찾는게 주 목적.돈 많으면 그냥 제네렉 사지. 제네렉 어사일 하나 고르라고 하면 누가 어사일 사??이게 차로 비유하면 포르쉐 vs 아반떼n 같은거임.껍데기는 달라도 속은 비슷하니 포르쉐 사는 놈들 ㅂㅅ이라는 논리.근데 본인 스스로 만족하면 끝인데 왜 아반떼n 별로라고 하면 동호회 회원마냥 고닉들 기어 나와서 집단 린치를 하느냐?아반떼n v2 모델 출시하게 되면 팔고 넘어가야 하거든.이건 아까 말한 ‘가성비‘ 측면과 연결됨. 중고가 방어에 혈안.내가 선택한게 맞아야 하거든. 난 존나 합리적이고 스마트한 소비자니까.도장 불량에 내부 달그락 거려도 신경 안씀. 도장 별로이고 5만원 싼게 더 중요하거든.가끔 올라오는 골방만 봐도 몇 달치 용돈 올인해서 산게 느껴짐.잘 모르는데 돈 있으면 그냥 제네렉 사라..,ㅇㅇ (118.235),254,6,0,0
